Date,CRM,SPY,SWKS
2010-01-04,18.705,99.292299,14.461256
2010-01-05,18.625,99.55513499999999,14.685688
2010-01-06,18.592501000000002,99.625228,14.549076999999999
2010-01-07,18.51,100.045775,14.383192000000001
2010-01-08,18.5375,100.378704,14.636899
2010-01-11,18.4125,100.518888,14.646657000000001
2010-01-12,17.0725,99.581425,14.353919
2010-01-13,17.125,100.422513,14.685688
2010-01-14,17.297501,100.694113,14.958910000000001
2010-01-15,17.157498999999998,99.56389899999999,14.422224
2010-01-19,17.375,100.808008,14.500287
2010-01-20,17.137501,99.78293199999999,14.353919
2010-01-21,16.719998999999998,97.86419599999999,14.149002
2010-01-22,16.135,95.682624,13.475705
2010-01-25,16.032498999999998,96.17325699999999,13.612316
2010-01-26,16.352501,95.770236,13.046356
2010-01-27,16.35,96.225829,13.231757
2010-01-28,16.040001,95.121898,12.919502
2010-01-29,15.8875,94.088059,12.382816
2010-02-01,16.295,95.551202,12.919502
2010-02-02,16.264999,96.707699,13.348851999999999
2010-02-03,16.405001000000002,96.225829,13.436673
2010-02-04,15.6075,93.255735,13.065872
2010-02-05,15.52,93.44848499999999,13.153692000000001
2010-02-08,15.53,92.77385799999999,13.182967000000001
2010-02-09,16.165001,93.93911800000001,13.426915
2010-02-10,16.182501000000002,93.755131,13.417157000000001
2010-02-11,16.49,94.736397,13.553768
2010-02-12,16.272499,94.65754799999999,13.534251999999999
2010-02-16,16.549999,96.146974,13.7782
2010-02-17,16.695,96.60256700000001,13.973359
2010-02-18,17.112499,97.17205600000001,14.275854999999998
2010-02-19,17.23,97.373563,14.227065
2010-02-22,17.26,97.39108900000001,14.919879000000002
2010-02-23,17.059998999999998,96.208303,14.39295
2010-02-24,17.360001,97.0932,14.832057
2010-02-25,17.002501000000002,96.961779,14.607625
2010-02-26,16.987499,97.023108,14.900363
2010-03-01,17.725,98.030664,15.290679999999998
2010-03-02,17.959999,98.302263,15.378502
2010-03-03,17.6425,98.389882,15.163827
2010-03-04,17.7225,98.687764,15.144312
2010-03-05,18.07,100.098341,15.38826
2010-03-08,18.237499,100.115861,15.534628
2010-03-09,18.42,100.282328,15.417532999999999
2010-03-10,18.797501,100.729159,15.368744
2010-03-11,18.855,101.1497,15.251648000000001
2010-03-12,18.9275,101.158463,14.988184
2010-03-15,18.9,101.18474599999999,14.988184
2010-03-16,19.172501,101.990794,15.290679999999998
2010-03-17,19.184998999999998,102.595322,15.700513
2010-03-18,19.227501,102.542757,15.437048999999998
2010-03-19,19.004998999999998,102.023705,14.949152
2010-03-22,19.377501000000002,102.56914,15.310196
2010-03-23,19.275,103.290536,16.012767
2010-03-24,19.040001,102.789076,15.661481
2010-03-25,18.9925,102.62193,15.924945000000001
2010-03-26,18.737499,102.560348,15.57366
2010-03-29,18.692498999999998,103.21135500000001,15.398017000000001
2010-03-30,18.852501,103.281736,15.641966
2010-03-31,18.612499,102.929838,15.222375
2010-04-01,18.885,103.633634,15.115037
2010-04-05,19.2125,104.478186,15.593176000000001
2010-04-06,19.7075,104.724513,15.515112
2010-04-07,19.295,104.126288,15.358985
2010-04-08,19.487499,104.486979,15.212617000000002
2010-04-09,19.942498999999998,105.17318300000001,15.368744
2010-04-12,20.127501000000002,105.34033000000001,15.417532999999999
2010-04-13,20.1075,105.41951,15.524870000000002
2010-04-14,20.967501000000002,106.61596000000002,15.885914999999999
2010-04-15,20.932501000000002,106.703933,16.022525
2010-04-16,20.870001000000002,105.00603000000001,15.768819
2010-04-19,20.6625,105.40191100000001,15.427292000000001
2010-04-20,21.120001000000002,106.343235,15.612692000000001
2010-04-21,21.27,106.149698,15.544387
2010-04-22,22.174999,106.466399,15.271164
2010-04-23,22.040001,107.161396,15.173585000000001
2010-04-26,22.122498999999998,106.75671499999999,15.368744
2010-04-27,21.452499,104.231859,15.046732
2010-04-28,21.5375,105.023622,15.33947
2010-04-29,22.035,106.325643,15.846882
2010-04-30,21.4,104.52216899999999,16.4226
2010-05-03,21.93,105.87697299999999,17.017835
2010-05-04,21.647499,103.38730100000001,16.393326000000002
2010-05-05,21.305,102.771484,16.032283
2010-05-06,20.225,99.358087,15.154069
2010-05-07,19.379998999999998,97.88011999999999,14.646657000000001
2010-05-10,21.372498999999998,102.19085799999999,15.398017000000001
2010-05-11,21.549999,101.900541,15.300438
2010-05-12,22.1,103.32571899999999,15.641966
2010-05-13,21.67,102.041296,15.378502
2010-05-14,21.18,100.193839,15.212617000000002
2010-05-17,21.309998999999998,100.246622,14.949152
2010-05-18,21.040001,98.883025,14.168517999999999
2010-05-19,20.4,98.319991,14.334401999999999
2010-05-20,19.7575,94.607478,13.885537
2010-05-21,20.809998999999998,95.98867299999999,14.227065
2010-05-24,20.547501,94.757032,14.539319
2010-05-25,20.532498999999998,94.853804,14.549076999999999
2010-05-26,20.9375,94.281971,14.656414999999999
2010-05-27,21.75,97.440249,15.729788000000001
2010-05-28,21.6325,96.217407,15.544387
2010-06-01,21.2225,94.598678,15.329711999999999
2010-06-02,22.110001,97.061959,16.207926
2010-06-03,23.799999,97.396259,16.373811
2010-06-04,22.41,93.974062,15.680997
2010-06-07,21.975,92.80400300000001,15.085764000000001
2010-06-08,22.0,93.79811600000001,15.105279000000001
2010-06-09,22.254998999999998,93.296664,14.919879000000002
2010-06-10,23.105,96.023863,15.407775
2010-06-11,24.16,96.490125,15.915187
2010-06-14,23.375,96.340571,16.032283
2010-06-15,23.752501000000002,98.531127,16.822675
2010-06-16,23.584999,98.495936,16.75437
2010-06-17,24.275,98.65429,17.271541
2010-06-18,23.93,98.761252,17.447182
2010-06-21,23.852501,98.47839499999999,17.066623999999997
2010-06-22,22.975,96.851965,16.939771
2010-06-23,23.235001,96.55143199999999,17.193478
2010-06-24,22.76,94.95151899999999,16.676307
2010-06-25,22.905001000000002,95.34929,17.164203
2010-06-28,22.82,95.048751,17.476457
2010-06-29,21.352501,92.114111,16.598243
2010-06-30,21.455,91.239025,16.383569
2010-07-01,21.7675,90.83241899999999,16.285989999999998
2010-07-02,21.7775,90.33741500000001,16.237199
2010-07-06,22.0275,90.929651,15.934704
2010-07-07,22.844998999999998,93.793575,16.871466
2010-07-08,22.8925,94.72170200000001,16.734854000000002
2010-07-09,22.945,95.42884000000001,16.832432999999998
2010-07-12,22.9625,95.49071500000001,16.783645
2010-07-13,23.4125,96.931522,17.115414
2010-07-14,23.932501000000002,96.92268100000001,17.203234
2010-07-15,23.997498999999998,96.949197,17.134929
2010-07-16,23.012501,94.279738,16.61776
2010-07-19,23.157498999999998,94.83661,16.910497
2010-07-20,23.280001000000002,95.888487,16.676307
2010-07-21,23.040001,94.642145,16.793401
2010-07-22,23.9825,96.75473199999999,17.613067
2010-07-23,24.942498999999998,97.59446700000001,18.296123
2010-07-26,25.0175,98.610979,18.666923999999998
2010-07-27,24.700001,98.602145,18.422976000000002
2010-07-28,24.5275,97.965716,18.266849
2010-07-29,24.4475,97.488394,17.661858
2010-07-30,24.737499,97.470711,17.105656
2010-08-02,25.477501,99.671696,17.6521
2010-08-03,25.252501000000002,99.194375,17.437426000000002
2010-08-04,25.889999,99.85732,17.730163
2010-08-05,25.672501,99.75124699999999,17.447182
2010-08-06,25.5825,99.34464100000001,17.857016
2010-08-09,26.014999,99.874996,17.88629
2010-08-10,25.4125,99.3358,17.495973
2010-08-11,24.477501,96.61330699999999,16.871466
2010-08-12,24.237499,96.02107,16.920254999999997
2010-08-13,24.309998999999998,95.738214,16.637273999999998
2010-08-16,24.157498999999998,95.69402099999999,16.715336999999998
2010-08-17,24.8325,96.86964,17.066623999999997
2010-08-18,24.8325,97.04643,17.349605
2010-08-19,24.102501,95.358125,17.134929
2010-08-20,28.1875,95.048751,17.252025
2010-08-23,28.07,94.68634399999999,16.832432999999998
2010-08-24,28.3225,93.280896,16.861708
2010-08-25,28.047501,93.643309,16.75437
2010-08-26,27.459999,93.015721,16.900739
2010-08-27,27.870001000000002,94.456521,17.944837
2010-08-30,27.2925,93.086431,17.359363000000002
2010-08-31,27.469998999999998,93.086431,17.388635
2010-09-01,29.1,95.870804,17.827742999999998
2010-09-02,29.780001000000002,96.763573,18.003386
2010-09-03,29.907498999999998,98.018749,18.422976000000002
2010-09-07,29.9125,96.913839,18.091207999999998
2010-09-08,29.9475,97.59446700000001,18.305881
2010-09-09,29.4125,98.045266,18.344912
2010-09-10,29.355,98.54026999999999,17.896048
2010-09-13,29.647499,99.636338,18.335156
2010-09-14,29.445,99.574464,18.705957
2010-09-15,29.202499,99.954553,18.793778
2010-09-16,29.23,99.92803599999999,18.959663
2010-09-17,29.184998999999998,99.965356,19.223128
2010-09-20,30.785,101.493853,19.310949
2010-09-21,30.3475,101.289465,19.271917000000002
2010-09-22,29.672501,100.79181,19.428043
2010-09-23,29.372498999999998,99.974245,19.48659
2010-09-24,29.834999,102.03593599999999,20.345289
2010-09-27,29.26,101.54717,20.374562
2010-09-28,28.692498999999998,101.902635,20.57948
2010-09-29,28.395,101.724906,20.423353
2010-09-30,27.950001,101.422758,20.169646
2010-10-01,28.0,101.84931800000001,20.150129999999997
2010-10-04,28.02,101.08507,19.808602
2010-10-05,28.477501,103.120102,20.433111
2010-10-06,26.237499,103.111213,19.68175
2010-10-07,26.23,102.986802,19.593928
2010-10-08,26.467501000000002,103.564432,20.003760999999997
2010-10-11,24.977501,103.662185,20.01352
2010-10-12,26.3675,103.98210300000001,20.696574
2010-10-13,26.827499,104.79078,20.735606
2010-10-14,26.84,104.381997,20.803912
2010-10-15,27.094998999999998,104.595274,21.291808
2010-10-18,26.407498999999998,105.110698,21.106407
2010-10-19,25.907498999999998,103.73327900000001,20.755123
2010-10-20,26.1075,104.746351,20.989313
2010-10-21,26.325001,104.977398,20.208676999999998
2010-10-22,26.985001,105.172904,20.960038
2010-10-25,28.137501,105.483934,21.438177
2010-10-26,27.965,105.50171100000001,21.135680999999998
2010-10-27,28.764999,105.19956299999998,22.296876
2010-10-28,28.75,105.21734,22.130991
2010-10-29,29.0175,105.297316,22.365181
2010-11-01,28.4375,105.33286299999999,22.062686
2010-11-02,28.8575,106.16820600000001,22.462760999999997
2010-11-03,29.112499,106.59475900000001,22.209054000000002
2010-11-04,28.5075,108.64756799999999,23.106784
2010-11-05,28.2925,109.056351,23.584923
2010-11-08,28.625,108.851956,23.292185999999997
2010-11-09,28.692498999999998,108.069938,23.223878
2010-11-10,29.469998999999998,108.505379,23.223878
2010-11-11,29.182501000000002,108.09659599999999,22.755498
2010-11-12,28.752501000000002,106.816924,22.579855
2010-11-15,28.407498999999998,106.665853,22.384698
2010-11-16,27.754998999999998,105.00406299999999,21.818737
2010-11-17,27.5375,105.057381,22.355423000000002
2010-11-18,28.942498999999998,106.603647,23.223878
2010-11-19,34.185001,106.89690700000001,23.536134
2010-11-22,34.9575,106.80804199999999,24.238704000000002
2010-11-23,35.625,105.261769,24.160641000000002
2010-11-24,36.2925,106.816924,25.507235
2010-11-26,36.4575,105.572805,25.360866
2010-11-29,35.952498999999996,105.892723,25.175465
2010-11-30,34.805,105.297316,24.833939
2010-12-01,36.009997999999996,107.53674299999999,25.839005
2010-12-02,35.755001,108.914162,26.336659
2010-12-03,35.702498999999996,109.207421,26.902619
2010-12-06,36.307499,109.091898,26.95141
2010-12-07,36.310001,109.154104,26.619640000000004
2010-12-08,37.645,109.55399799999999,26.697703999999998
2010-12-09,37.122501,109.980558,27.058746000000003
2010-12-10,37.1525,110.62039399999999,27.361242999999998
2010-12-13,35.970001,110.69148200000001,26.434239
2010-12-14,34.080002,110.789235,26.239079999999998
2010-12-15,33.93,110.282699,26.346418
2010-12-16,34.3825,110.92253500000001,27.136809999999997
2010-12-17,34.125,111.041349,27.751559999999998
2010-12-20,33.552502000000004,111.309345,27.449063
2010-12-21,34.7575,112.015079,27.556401
2010-12-22,33.8825,112.363478,27.419790000000003
2010-12-23,33.860001000000004,112.202678,27.70277
2010-12-27,33.502499,112.24734699999999,28.054056
2010-12-28,33.330002,112.408148,28.102845000000002
2010-12-29,33.237499,112.488545,28.473646999999996
2010-12-30,33.060001,112.309881,28.376067
2010-12-31,33.0,112.336679,27.93696
2011-01-03,34.150002,113.49801599999999,28.844448
2011-01-04,33.922501000000004,113.435483,28.912753000000002
2011-01-05,35.549999,114.025079,29.468957
2011-01-06,35.834998999999996,113.801746,29.420166
2011-01-07,35.555,113.57841200000001,29.507987
2011-01-10,35.66,113.435483,30.932646999999996
2011-01-11,35.279999,113.83748,30.844825
2011-01-12,35.41,114.864815,31.108288
2011-01-13,35.962502,114.677209,31.030224
2011-01-14,36.6175,115.508016,31.723036999999998
2011-01-18,36.0825,115.70455,31.966984999999998
2011-01-19,35.209998999999996,114.57001299999999,31.137562
2011-01-20,32.947497999999996,114.418148,29.303071999999997
2011-01-21,33.060001,114.677209,28.483404999999998
2011-01-24,31.9575,115.329352,28.483404999999998
2011-01-25,30.9925,115.391878,29.283555
2011-01-26,32.072497999999996,115.838545,30.727728999999997
2011-01-27,32.060001,116.12441799999999,31.957228999999998
2011-01-28,32.9025,114.096547,30.571602000000002
2011-01-31,32.285,114.95414,31.000952
2011-02-01,32.91,116.794418,31.927956
2011-02-02,33.77,116.57108500000001,32.123112
2011-02-03,33.5425,116.830146,32.991571
2011-02-04,34.487499,117.160675,34.074698
2011-02-07,34.224998,117.89321499999998,34.679693
2011-02-08,34.075001,118.42922,34.601627
2011-02-09,33.612499,118.161217,34.338163
2011-02-10,34.490002000000004,118.205887,34.855336
2011-02-11,35.377499,118.91161399999999,35.665242
2011-02-14,35.555,119.197474,36.055561
2011-02-15,35.622501,118.822275,35.45057
2011-02-16,35.6875,119.572686,35.77258
2011-02-17,35.235001000000004,119.93001399999999,36.084834
2011-02-18,35.77,120.180146,35.762824
2011-02-22,34.1875,117.768148,33.479467
2011-02-23,33.342499,117.04455,32.601252
2011-02-24,33.580002,116.96413999999999,34.064941999999995
2011-02-25,34.7075,118.21481499999999,35.1188
2011-02-28,33.067501,118.947341,35.070008
2011-03-01,32.012501,116.96413999999999,33.908815000000004
2011-03-02,32.002499,117.21428600000002,33.694139
2011-03-03,32.517502,119.23321499999999,34.552839
2011-03-04,32.4925,118.339881,34.133247
2011-03-07,32.005001,117.410807,33.577045
2011-03-08,31.83,118.438148,33.001327
2011-03-09,31.9275,118.268413,31.23514
2011-03-10,31.799999,116.07974899999999,30.874097999999996
2011-03-11,31.967501000000002,116.883743,31.069257
2011-03-14,31.235001,116.17801599999999,30.513054999999998
2011-03-15,31.387501,114.846944,30.874097999999996
2011-03-16,31.040001,112.72081299999999,30.103222
2011-03-17,30.5825,114.212678,29.225008000000003
2011-03-18,30.002501000000002,114.628092,29.244522999999997
2011-03-21,31.105,116.40458000000001,30.425234000000003
2011-03-22,30.372498999999998,116.000822,29.732419
2011-03-23,30.530001000000002,116.332801,30.0154
2011-03-24,32.3125,117.44533799999999,31.108288
2011-03-25,31.862499,117.80423200000001,31.527881
2011-03-28,31.997498999999998,117.517117,31.781585999999997
2011-03-29,31.85,118.306669,31.801102
2011-03-30,33.622501,119.12313799999998,31.859651
2011-03-31,33.395,118.96163200000001,31.615703000000003
2011-04-01,33.529999,119.46406999999999,30.688698
2011-04-04,33.5275,119.56276399999999,30.044675
2011-04-05,33.4025,119.54482900000001,30.132495000000002
2011-04-06,32.857498,119.92165800000001,28.034539000000002
2011-04-07,33.490002000000004,119.61660800000001,27.068503999999997
2011-04-08,33.662498,119.203884,26.883103000000002
2011-04-11,33.654999,118.845003,26.47327
2011-04-12,33.205002,117.956756,25.72191
2011-04-13,33.595001,117.94778899999999,26.00489
2011-04-14,33.255001,118.037502,25.760941
2011-04-15,33.432499,118.46816100000001,25.682878
2011-04-18,33.047501000000004,117.14028799999998,25.419413
2011-04-19,32.6325,117.813199,26.219565000000003
2011-04-20,35.52,119.41922,27.244146999999998
2011-04-21,34.967499,120.029319,27.507611999999998
2011-04-25,34.702498999999996,119.90371,27.536884999999998
2011-04-26,34.4025,120.935501,27.605192
2011-04-27,34.755001,121.725053,26.85383
2011-04-28,34.462502,122.11983000000001,26.844071999999997
2011-04-29,34.650002,122.406931,30.698455
2011-05-02,34.047501000000004,122.218524,29.839757000000002
2011-05-03,33.415001000000004,121.778884,29.098153999999997
2011-05-04,32.9175,120.971397,28.785901000000003
2011-05-05,32.7425,119.87679399999999,29.098153999999997
2011-05-06,33.080002,120.406147,28.893239
2011-05-09,33.177502000000004,120.872703,28.942027000000003
2011-05-10,33.842499,121.904494,29.21525
2011-05-11,33.595001,120.62148400000001,28.073572
2011-05-12,33.872501,121.1957,27.878413000000002
2011-05-13,33.727501000000004,120.26258999999999,27.653980999999998
2011-05-16,32.240002000000004,119.49996599999999,26.580608
2011-05-17,32.52,119.482018,25.995131
2011-05-18,33.5625,120.549705,27.078262
2011-05-19,33.952498999999996,120.83680600000001,26.844071999999997
2011-05-20,36.6525,119.87679399999999,26.648913
2011-05-23,36.325001,118.48611000000001,25.985373000000003
2011-05-24,37.650002,118.38741499999999,25.878037
2011-05-25,37.732498,118.782192,26.190291000000002
2011-05-26,38.389998999999996,119.329493,26.375691999999997
2011-05-27,37.825001,119.787067,24.882728
2011-05-31,38.064999,121.034195,24.853453
2011-06-01,36.445,118.31563700000001,23.965482
2011-06-02,37.060001,118.190027,24.316768
2011-06-03,36.247501,117.014679,22.501792000000002
2011-06-06,35.7075,115.776519,22.716467
2011-06-07,35.509997999999996,115.70475400000001,24.472894
2011-06-08,35.07,115.22025,23.828871
2011-06-09,35.455002,116.099516,24.336284
2011-06-10,35.075001,114.48453500000001,23.731291
2011-06-13,34.275002,114.57425500000001,22.950657999999997
2011-06-14,35.154999,116.027751,24.307010000000002
2011-06-15,34.865002000000004,113.964149,23.536134
2011-06-16,34.32,114.215375,22.940898999999998
2011-06-17,34.8825,114.55620400000001,22.599370999999998
2011-06-20,34.862499,115.142279,21.174714
2011-06-21,35.98,116.720188,21.984622
2011-06-22,35.537498,116.016893,21.848010000000002
2011-06-23,36.119999,115.683282,22.716467
2011-06-24,35.759997999999996,114.3398,22.316392
2011-06-27,36.272498999999996,115.35868300000001,22.365181
2011-06-28,36.842499,116.86445800000001,22.989688
2011-06-29,36.5625,117.865303,22.072444
2011-06-30,37.244999,118.99238100000001,22.423728
2011-07-01,37.3475,120.75062,22.872594
2011-07-05,38.487499,120.65143700000002,22.501792000000002
2011-07-06,39.072497999999996,120.79570600000001,23.07751
2011-07-07,39.532501,122.049016,24.599747
2011-07-08,39.1675,121.18341399999998,24.121608
2011-07-11,38.107498,118.99238100000001,23.64347
2011-07-12,37.724998,118.478427,22.101717
2011-07-13,38.220001,118.875161,22.27736
2011-07-14,37.619999,118.054645,21.838252
2011-07-15,38.599998,118.73991699999999,22.130991
2011-07-18,38.157501,117.76612,21.691882999999997
2011-07-19,39.830002,119.67764,22.345665
2011-07-20,38.709998999999996,119.60550500000001,23.038479000000002
2011-07-21,36.772498999999996,121.264574,22.130991
2011-07-22,37.602501000000004,121.345721,26.326901
2011-07-25,37.407501,120.669474,25.819488
2011-07-26,37.9375,120.218643,26.346418
2011-07-27,36.3475,117.757108,25.468204
2011-07-28,36.525002,117.414472,24.931517000000003
2011-07-29,36.177502000000004,116.611993,24.697326
2011-08-01,36.415001000000004,116.116076,24.394831
2011-08-02,35.814999,113.149606,22.97993
2011-08-03,35.994999,113.76273700000002,23.711775
2011-08-04,33.857498,108.433916,21.760189
2011-08-05,33.922501000000004,108.27161699999999,20.179405
2011-08-08,31.2325,101.220617,18.92063
2011-08-09,33.127499,105.927296,20.033036
2011-08-10,32.057499,101.24766600000001,19.789088
2011-08-11,33.637501,105.792045,21.486968
2011-08-12,33.52,106.50435900000001,21.535757
2011-08-15,34.342499,108.75851499999999,22.550582000000002
2011-08-16,33.2925,107.829797,20.95028
2011-08-17,31.577499,107.901932,20.842944
2011-08-18,28.514999,103.249358,18.949904999999998
2011-08-19,27.75,101.563247,18.325398
2011-08-22,27.715,101.6444,18.647409
2011-08-23,29.665001,104.989566,19.554897
2011-08-24,29.105,106.46829199999999,19.564654
2011-08-25,28.1175,104.845297,18.988936
2011-08-26,29.375,106.36910800000001,19.408527
2011-08-29,31.645,109.425743,20.296499
2011-08-30,30.865,109.714275,20.345289
2011-08-31,32.1875,110.201173,20.130614
2011-09-01,31.75,109.04704699999999,20.413595
2011-09-02,30.9025,106.260907,19.145064
2011-09-06,30.2325,105.485476,18.832809
2011-09-07,31.365,108.46096499999999,19.68175
2011-09-08,31.2225,107.333887,19.837877
2011-09-09,30.807501000000002,104.520698,19.106032
2011-09-12,30.934998999999998,105.196945,19.789088
2011-09-13,31.645,106.161723,20.677059
2011-09-14,32.59,107.631437,21.643094
2011-09-15,33.055,109.488859,21.808979
2011-09-16,34.139998999999996,110.136877,21.535757
2011-09-19,34.02,109.040222,21.067376
2011-09-20,32.102501000000004,108.91333700000001,21.04786
2011-09-21,31.6675,105.70493700000002,21.389388
2011-09-22,29.334999,102.288087,19.818360000000002
2011-09-23,30.075001,102.90439,20.403837
2011-09-26,30.295,105.35146999999999,20.072067
2011-09-27,31.1875,106.529699,20.081825
2011-09-28,30.202499,104.354512,19.369495999999998
2011-09-29,29.887501,105.179273,18.627893
2011-09-30,28.57,102.550923,17.525246
2011-10-03,27.977501,99.632548,16.549452
2011-10-04,29.4,101.816793,17.720405
2011-10-05,29.3125,103.701955,18.871841
2011-10-06,30.5,105.578052,18.862083
2011-10-07,30.24,104.871118,18.666923999999998
2011-10-10,31.432501000000002,108.378607,19.086515
2011-10-11,31.897499,108.487362,19.428043
2011-10-12,31.815001000000002,109.439008,20.218435
2011-10-13,32.387501,109.22149099999999,20.911248999999998
2011-10-14,32.950001,111.088523,21.857768
2011-10-17,31.68,108.967721,20.725848000000003
2011-10-18,32.384997999999996,111.09758799999999,21.389388
2011-10-19,31.842501000000002,109.78341,20.325773
2011-10-20,31.92,110.263769,20.179405
2011-10-21,32.322497999999996,112.35738300000001,20.423353
2011-10-24,33.1325,113.73499699999999,21.360113000000002
2011-10-25,32.389998999999996,111.523563,20.511174
2011-10-26,30.889999,112.656472,20.872217000000003
2011-10-27,33.34,116.580871,20.862459
2011-10-28,34.785,116.55368200000001,19.798845999999998
2011-10-31,33.2925,113.74406200000001,19.330464000000003
2011-11-01,32.587502,110.571917,18.647409
2011-11-02,32.459998999999996,112.375506,18.618135000000002
2011-11-03,33.262501,114.42380700000001,20.003760999999997
2011-11-04,32.8325,113.725939,21.301566
2011-11-07,33.334998999999996,114.432873,20.803912
2011-11-08,33.532501,115.901118,20.61851
2011-11-09,32.1875,111.62326000000002,19.145064
2011-11-10,31.952499,112.674596,18.618135000000002
2011-11-11,32.467499,114.795405,19.291432999999998
2011-11-14,33.380001,113.70780800000001,19.01821
2011-11-15,34.150002,114.26973400000001,19.057243
2011-11-16,32.939999,112.45707900000001,18.530313
2011-11-17,31.522499,110.671613,16.978801999999998
2011-11-18,28.3575,110.553793,16.578727
2011-11-21,27.995001000000002,108.45111499999999,16.168894
2011-11-22,27.0625,108.02514,15.515112
2011-11-23,26.4475,105.64149499999999,14.188034
2011-11-25,26.2325,105.442102,13.787958999999999
2011-11-28,27.795,108.496427,14.002633
2011-11-29,27.647499,108.80458200000001,14.158760000000001
2011-11-30,29.605,113.281833,15.915187
2011-12-01,29.594998999999998,113.26371,15.768819
2011-12-02,29.91,113.16401299999998,15.954220000000001
2011-12-05,31.252501000000002,114.396619,15.983492000000002
2011-12-06,30.83,114.432873,15.710272
2011-12-07,30.647499,114.858848,15.466323000000001
2011-12-08,30.157498999999998,112.339252,14.900363
2011-12-09,30.969998999999998,114.24254499999999,15.115037
2011-12-12,29.0175,112.574899,14.627139999999999
2011-12-13,28.3325,111.523563,13.739169
2011-12-14,27.092501000000002,110.33627,13.700137
2011-12-15,26.6775,110.735056,13.944085000000001
2011-12-16,26.764999,110.89923,14.022148999999999
2011-12-19,25.8675,109.713536,14.383192000000001
2011-12-20,26.08,113.03348999999999,15.154069
2011-12-21,24.7575,113.25238600000002,15.095522
2011-12-22,25.084999,114.25566699999999,15.934704
2011-12-23,24.504998999999998,115.277194,15.817607999999998
2011-12-27,25.0725,115.3684,15.798093
2011-12-28,25.032498999999998,113.854359,15.593176000000001
2011-12-29,25.547501,115.03093700000001,15.710272
2011-12-30,25.365,114.465448,15.827366
2012-01-03,25.299999,116.289598,16.412842
2012-01-04,24.370001000000002,116.47201100000001,16.373811
2012-01-05,24.692498999999998,116.782113,16.861708
2012-01-06,25.264999,116.48113300000001,16.734854000000002
2012-01-09,25.1875,116.76388100000001,17.378877
2012-01-10,26.1975,117.77628600000001,17.544762
2012-01-11,26.455,117.840124,17.593553
2012-01-12,26.42,118.12286499999999,17.544762
2012-01-13,25.975,117.511776,17.212992
2012-01-17,25.860001,117.96781399999999,17.847259
2012-01-18,26.924999,119.27208799999998,18.618135000000002
2012-01-19,28.627501000000002,119.901423,18.764504000000002
2012-01-20,28.547501,120.348331,20.872217000000003
2012-01-23,28.6875,120.038228,20.774639
2012-01-24,29.3825,119.901423,21.038102
2012-01-25,29.535,120.904697,21.243019
2012-01-26,29.055,120.284493,21.096651
2012-01-27,29.15,120.22977,21.467451
2012-01-30,28.8925,119.819325,21.233261
2012-01-31,29.200001,119.77373300000001,21.057617999999998
2012-02-01,29.83,120.82261399999999,21.301566
2012-02-02,29.57,121.01414199999999,22.27736
2012-02-03,31.025,122.71060200000001,23.106784
2012-02-06,30.807501000000002,122.628519,22.872594
2012-02-07,30.700001,122.938621,23.116542000000003
2012-02-08,30.950001,123.303459,23.692261
2012-02-09,31.4025,123.45851100000002,23.955723000000003
2012-02-10,32.110001000000004,122.546435,22.892109
2012-02-13,33.057499,123.45851100000002,23.057994
2012-02-14,32.900002,123.303459,23.399522
2012-02-15,32.654999,122.728848,23.653228
2012-02-16,32.9375,124.087845,24.609505
2012-02-17,32.2925,124.416192,24.258221
2012-02-21,31.9025,124.47091499999999,24.180157
2012-02-22,32.017502,124.069599,24.248462
2012-02-23,32.942501,124.61685,24.941275
2012-02-24,35.91,124.89046200000001,25.234014000000002
2012-02-27,35.837502,125.100249,25.956101
2012-02-28,35.865002000000004,125.465073,26.239079999999998
2012-02-29,35.790001000000004,124.972559,26.317142999999998
2012-03-01,36.244999,125.620125,26.707462
2012-03-02,35.947497999999996,125.237055,26.795282
2012-03-05,35.52,124.726295,25.43893
2012-03-06,35.172501000000004,122.90214399999999,24.765632
2012-03-07,35.865002000000004,123.759497,25.458446
2012-03-08,36.52,124.99078999999999,26.121986
2012-03-09,36.857498,125.474203,26.258596
2012-03-12,36.7925,125.483319,25.809732
2012-03-13,38.064999,127.74526200000001,26.492786
2012-03-14,37.9025,127.608456,27.058746000000003
2012-03-15,38.107498,128.347235,27.605192
2012-03-16,37.8475,128.524956,27.371
2012-03-19,37.485001000000004,129.028799,27.966234000000004
2012-03-20,37.747501,128.653206,27.585675
2012-03-21,38.592499,128.442513,27.800349
2012-03-22,38.209998999999996,127.517271,27.712528000000002
2012-03-23,38.474998,127.929501,27.478338
2012-03-26,39.334998999999996,129.725009,27.829624
2012-03-27,38.375,129.321935,27.917445
2012-03-28,38.514998999999996,128.680687,27.146568
2012-03-29,39.102501000000004,128.460824,26.990440999999997
2012-03-30,38.627499,128.992148,26.980683000000003
2012-04-02,39.294998,129.935701,27.03923
2012-04-03,39.580002,129.404378,26.863589
2012-04-04,38.919998,128.121882,25.741425
2012-04-05,39.259997999999996,128.05775,26.28787
2012-04-09,39.380001,126.619524,25.712152
2012-04-10,38.432499,124.494229,25.126676
2012-04-11,39.52,125.501915,25.712152
2012-04-12,39.575001,127.141678,26.365934000000003
2012-04-13,39.842499,125.630164,25.653605
2012-04-16,38.732498,125.547721,25.419413
2012-04-17,39.0425,127.407347,26.248838
2012-04-18,39.66,126.97679199999999,26.57085
2012-04-19,39.892502,126.16148799999999,25.282803
2012-04-20,39.224998,126.37218,23.789838
2012-04-23,38.75,125.309533,22.745739999999998
2012-04-24,37.494999,125.785895,23.184848000000002
2012-04-25,37.674999,127.50811499999999,24.609505
2012-04-26,39.049999,128.39670700000002,24.882728
2012-04-27,39.165001000000004,128.607399,27.136809999999997
2012-04-30,38.932499,128.131038,26.483028000000004
2012-05-01,39.220001,128.92803,26.541577
2012-05-02,39.735001000000004,128.543281,26.629398
2012-05-03,39.380001,127.563077,25.516993
2012-05-04,38.147498999999996,125.501915,24.951033
2012-05-07,37.9575,125.59352700000001,24.638779
2012-05-08,36.505001,125.089685,24.072819
2012-05-09,37.244999,124.347668,24.316768
2012-05-10,33.860001000000004,124.60416699999999,24.629020999999998
2012-05-11,34.445,124.228574,24.775389999999998
2012-05-14,34.137501,122.85446599999999,24.307010000000002
2012-05-15,34.525002,122.14908600000001,24.92176
2012-05-16,34.145,121.681894,25.087643
2012-05-17,33.450001,119.87723100000001,23.906934
2012-05-18,36.395,118.851234,22.862835999999998
2012-05-21,37.262501,120.894072,24.482653
2012-05-22,37.362499,121.10476399999999,24.912001999999998
2012-05-23,37.6525,121.16889599999999,25.477961999999998
2012-05-24,36.552502000000004,121.40706999999999,24.892485999999998
2012-05-25,36.75,121.01316499999999,25.058370999999998
2012-05-29,36.422501000000004,122.478873,26.326901
2012-05-30,35.237499,120.70168999999999,25.185223
2012-05-31,34.654999,120.436035,26.209807
2012-06-01,32.747501,117.403838,24.619263
2012-06-04,32.805,117.348876,25.214498000000003
2012-06-05,33.435001,118.237467,26.063437
2012-06-06,34.244999,120.894072,27.712528000000002
2012-06-07,33.889998999999996,120.967359,26.80504
2012-06-08,34.122501,121.92923799999998,27.283178000000003
2012-06-11,32.615002000000004,120.381073,26.248838
2012-06-12,32.645,121.764338,27.088021
2012-06-13,31.8325,120.985684,27.683255
2012-06-14,32.34,122.26818,26.756251000000002
2012-06-15,33.639998999999996,123.51865,27.419790000000003
2012-06-18,34.200001,123.758058,27.575916999999997
2012-06-19,34.502499,124.955125,27.390515999999998
2012-06-20,34.4375,124.752544,27.507611999999998
2012-06-21,33.192501,121.95326100000001,26.014648
2012-06-22,34.2775,122.8925,26.200049
2012-06-25,33.540001000000004,120.921948,24.863211
2012-06-26,33.8325,121.529678,24.394831
2012-06-27,33.93,122.625455,25.136434
2012-06-28,32.945,122.275539,25.165709
2012-06-29,34.564999,125.32346100000001,26.658671000000002
2012-07-02,34.767502,125.70098600000001,26.580608
2012-07-03,35.337502,126.52973200000001,27.009957
2012-07-05,35.605,125.95881499999999,26.931894
2012-07-06,33.9375,124.761761,25.848763
2012-07-09,32.825001,124.60522399999999,26.00489
2012-07-10,32.217499,123.51865,25.15595
2012-07-11,31.727501,123.53707,25.214498000000003
2012-07-12,31.885,122.93853,25.682878
2012-07-13,32.637501,125.00116899999999,26.170773999999998
2012-07-16,31.997498999999998,124.7065,25.234014000000002
2012-07-17,31.695,125.56286899999999,24.902244
2012-07-18,33.724998,126.49289099999999,25.995131
2012-07-19,34.7775,126.82438700000002,28.463889
2012-07-20,33.790001000000004,125.66416000000001,27.888171000000003
2012-07-23,32.75,124.393425,26.873346999999995
2012-07-24,31.68,123.325272,25.926826000000002
2012-07-25,31.33,123.35290900000001,26.102469
2012-07-26,31.1525,125.38791100000002,26.746493
2012-07-27,32.872501,127.69916200000002,27.439307
2012-07-30,31.467501000000002,127.69916200000002,27.156326
2012-07-31,31.09,126.80598,28.229699
2012-08-01,31.1425,126.69547299999999,27.497853999999997
2012-08-02,30.342501000000002,125.820697,27.195358000000002
2012-08-03,32.067501,128.316123,27.634464
2012-08-06,33.18,128.56473400000002,27.810107000000002
2012-08-07,34.169998,129.209318,28.356551
2012-08-08,33.887501,129.365856,27.956476000000002
2012-08-09,34.439999,129.47635,28.298004
2012-08-10,34.959998999999996,129.68813400000002,28.912753000000002
2012-08-13,36.287498,129.623684,28.678563
2012-08-14,35.639998999999996,129.64209,28.522436
2012-08-15,36.032501,129.789425,27.888171000000003
2012-08-16,36.740002000000004,130.747084,28.912753000000002
2012-08-17,36.807499,130.922028,29.078638
2012-08-20,36.892502,130.931245,28.746868
2012-08-21,36.91,130.535286,28.932269
2012-08-22,37.154999,130.590547,28.532194
2012-08-23,36.692501,129.522393,29.068882000000002
2012-08-24,37.134997999999996,130.305081,28.922511
2012-08-27,37.264998999999996,130.332704,28.249215000000003
2012-08-28,36.279999,130.20379,28.776142
2012-08-29,36.400002,130.305081,29.010333000000003
2012-08-30,35.672501000000004,129.365856,28.688321000000002
2012-08-31,36.294998,129.982803,29.722661
2012-09-04,36.209998999999996,129.863092,29.293314000000002
2012-09-05,36.182499,129.752598,28.493163
2012-09-06,37.2225,132.38614099999998,30.425234000000003
2012-09-07,37.392502,132.901797,30.405717
2012-09-10,37.334998999999996,132.146719,29.185976
2012-09-11,37.697497999999996,132.51505500000002,28.746868
2012-09-12,38.177502000000004,132.957044,28.356551
2012-09-13,39.247501,134.982843,28.229699
2012-09-14,39.857498,135.581384,28.893239
2012-09-17,39.540001000000004,135.120974,28.298004
2012-09-18,39.072497999999996,135.01046599999998,28.512678
2012-09-19,39.494999,135.084133,28.766384000000002
2012-09-20,39.005001,135.093351,23.448311999999998
2012-09-21,38.799999,135.03686399999998,24.209429999999998
2012-09-24,38.392502,134.833201,23.448311999999998
2012-09-25,38.032501,133.398324,22.940898999999998
2012-09-26,37.235001000000004,132.64846799999998,22.618888000000002
2012-09-27,38.294998,133.898215,23.370248999999998
2012-09-28,38.172501000000004,133.277974,22.989688
2012-10-01,37.785,133.629758,22.433486
2012-10-02,38.235001000000004,133.76861200000002,22.853078
2012-10-03,39.259997999999996,134.31479199999998,22.823803
2012-10-04,39.4575,135.27756399999998,22.970174
2012-10-05,38.682499,135.286816,22.931141
2012-10-08,38.400002,134.823949,22.589613
2012-10-09,38.035,133.49088899999998,22.423728
2012-10-10,37.540001000000004,132.63921499999998,21.935832
2012-10-11,38.1525,132.713276,21.867526
2012-10-12,38.322497999999996,132.278179,21.633336
2012-10-15,38.537498,133.379806,21.965106
2012-10-16,38.865002000000004,134.73137,22.97993
2012-10-17,37.907501,135.34235800000002,22.589613
2012-10-18,37.525002,134.990588,22.004137
2012-10-19,37.252499,132.741047,21.604062
2012-10-22,36.907501,132.75956499999998,22.043169
2012-10-23,37.200001,130.917349,22.160264
2012-10-24,37.055,130.547061,22.130991
2012-10-25,36.327498999999996,130.926601,22.316392
2012-10-26,36.662498,130.852555,22.60913
2012-10-31,36.494999,130.852555,22.823803
2012-11-01,36.555,132.222638,23.497101
2012-11-02,36.650002,131.046951,19.467076000000002
2012-11-05,36.272498999999996,131.31542199999998,20.345289
2012-11-06,36.93,132.342988,20.335531
2012-11-07,36.630001,129.343603,19.58417
2012-11-08,35.82,127.788362,19.535381
2012-11-09,35.285,127.89946,20.072067
2012-11-12,35.419998,128.00129099999998,20.306257000000002
2012-11-13,35.2775,127.556929,20.345289
2012-11-14,34.919998,125.83506200000001,20.228193
2012-11-15,35.182499,125.622147,19.759813
2012-11-16,36.075001,126.24238799999999,19.340222
2012-11-19,36.830002,128.797423,20.159888
2012-11-20,36.474998,128.85296499999998,20.540447
2012-11-21,39.695,129.093651,20.833185999999998
2012-11-23,39.862499,130.852555,21.243019
2012-11-26,40.055,130.57483200000001,21.106407
2012-11-27,39.092499,129.908302,21.125923
2012-11-28,39.465,130.954386,21.038102
2012-11-29,39.6875,131.56536,21.867526
2012-11-30,39.4175,131.593131,22.101717
2012-12-03,39.262501,130.94512,22.199296
2012-12-04,39.235001000000004,130.759976,22.60913
2012-12-05,39.217499,130.991409,22.940898999999998
2012-12-06,39.352501000000004,131.43575800000002,22.804289
2012-12-07,39.174999,131.833831,22.287118
2012-12-10,39.605,131.889373,21.789463
2012-12-11,41.25,132.787336,22.326148999999997
2012-12-12,41.7575,132.85213000000002,21.955348
2012-12-13,41.66,132.03749399999998,20.540447
2012-12-14,41.702498999999996,131.54685600000002,19.320705
2012-12-17,42.227501000000004,133.09283,20.257468
2012-12-18,42.724998,134.573997,20.589238
2012-12-19,42.465,133.574202,20.364806
2012-12-20,42.52,134.34256299999998,19.906182
2012-12-21,42.237499,133.12311499999998,19.593928
2012-12-24,42.337502,132.71291499999998,19.779329
2012-12-26,41.584998999999996,132.153529,19.320705
2012-12-27,41.560001,131.97638999999998,19.48659
2012-12-28,41.044998,130.549972,19.398769
2012-12-31,42.025002,132.768851,19.808602
2013-01-02,42.7925,136.17174,21.125923
2013-01-03,42.177502000000004,135.86408,20.969797
2013-01-04,42.4025,136.460751,20.442869
2013-01-07,42.244999,136.087837,20.745365
2013-01-08,42.4925,135.696272,19.91594
2013-01-09,42.9575,136.04121899999998,20.501416
2013-01-10,43.279999,137.12268999999998,20.803912
2013-01-11,43.337502,137.113372,20.852701999999997
2013-01-14,43.502499,137.020137,20.501416
2013-01-15,43.662498,137.113372,20.003760999999997
2013-01-16,42.41,137.094722,20.794153
2013-01-17,42.782501,137.98040500000002,21.135680999999998
2013-01-18,42.505001,138.288065,20.374562
2013-01-22,41.7225,139.033908,20.257468
2013-01-23,42.605,139.257651,21.311325
2013-01-24,43.072497999999996,139.294951,20.921008
2013-01-25,43.465,140.07808,20.540447
2013-01-28,44.517502,139.910273,20.794153
2013-01-29,43.672501000000004,140.460326,20.657543
2013-01-30,43.075001,139.910273,21.038102
2013-01-31,43.032501,139.565312,23.360491
2013-02-01,43.764998999999996,141.00106200000002,23.74105
2013-02-04,43.189999,139.41613999999998,22.960416
2013-02-05,43.099998,140.823923,23.018963
2013-02-06,42.825001,140.926476,23.594681
2013-02-07,42.512501,140.740019,23.194606
2013-02-08,42.487499,141.523148,23.350732999999998
2013-02-11,42.657501,141.49518,23.662986
2013-02-12,43.09,141.72825500000002,23.614197
2013-02-13,43.075001,141.849444,23.711775
2013-02-14,43.615002000000004,141.979965,24.365557
2013-02-15,43.7575,141.812158,23.906934
2013-02-19,43.7075,142.87498,23.945967
2013-02-20,42.77,141.09428300000002,23.048237
2013-02-21,42.137501,140.236569,20.647785
2013-02-22,42.639998999999996,141.607051,21.321082999999998
2013-02-25,40.877499,138.91270500000002,20.423353
2013-02-26,40.84,139.863655,19.945214
2013-02-27,41.735001000000004,141.625701,20.677059
2013-02-28,42.305,141.346008,20.784395
2013-03-01,45.5,141.812158,20.198921
2013-03-04,46.4725,142.567319,19.925698
2013-03-05,46.442501,143.844566,20.364806
2013-03-06,46.592499,144.040355,20.647785
2013-03-07,46.1175,144.301398,20.57948
2013-03-08,46.462502,144.916719,20.881975
2013-03-11,46.485001000000004,145.466773,20.921008
2013-03-12,45.197497999999996,145.140462,20.989313
2013-03-13,45.227501000000004,145.34556899999998,21.633336
2013-03-14,44.622501,146.11938,21.760189
2013-03-15,44.125,145.926477,21.213745
2013-03-18,43.532501,145.12113200000002,21.04786
2013-03-19,42.807499,144.78401000000002,21.116165
2013-03-20,43.127499,145.795375,21.155198000000002
2013-03-21,43.182499,144.549899,20.999071
2013-03-22,44.014998999999996,145.711098,20.969797
2013-03-25,43.189999,145.102399,20.755123
2013-03-26,43.397498999999996,146.263598,21.077134
2013-03-27,43.970001,146.263598,21.116165
2013-03-28,44.7075,146.713088,21.496726000000002
2013-04-01,43.8475,146.132496,20.686817
2013-04-02,43.8325,146.85356399999998,20.462384
2013-04-03,42.127499,145.36460300000002,20.033036
2013-04-04,41.602501000000004,145.954569,20.501416
2013-04-05,41.355,145.299059,20.403837
2013-04-08,41.715,146.282331,20.725848000000003
2013-04-09,41.3325,146.788006,20.589238
2013-04-10,42.195,148.585981,21.311325
2013-04-11,41.627499,149.072938,21.877285
2013-04-12,42.380001,148.707724,21.574789000000003
2013-04-15,41.294998,145.261593,20.735606
2013-04-16,42.5975,147.406064,21.116165
2013-04-17,41.837502,145.25223400000002,20.179405
2013-04-18,41.029999,144.34387900000002,19.662232999999997
2013-04-19,40.880001,145.598714,19.68175
2013-04-22,40.32,146.244865,20.081825
2013-04-23,41.080002,147.752545,20.296499
2013-04-24,40.91,147.846195,20.921008
2013-04-25,40.759997999999996,148.44552,21.486968
2013-04-26,40.709998999999996,148.183316,20.901491
2013-04-29,41.009997999999996,149.175947,21.51624
2013-04-30,41.110001000000004,149.531787,21.535757
2013-05-01,41.560001,148.220768,21.04786
2013-05-02,41.869999,149.597345,21.418662
2013-05-03,42.240002000000004,151.114384,21.818737
2013-05-06,42.439999,151.498331,22.482277
2013-05-07,42.419998,152.266224,22.130991
2013-05-08,42.369999,152.95918500000002,22.453003
2013-05-09,43.150002,152.528428,22.696951000000002
2013-05-10,44.169998,153.024743,23.116542000000003
2013-05-13,43.959998999999996,153.146472,22.989688
2013-05-14,44.98,154.72906899999998,23.106784
2013-05-15,44.790001000000004,155.562506,23.370248999999998
2013-05-16,46.150002,154.832079,23.028721
2013-05-17,46.790001000000004,156.330399,23.3117
2013-05-20,47.009997999999996,156.321025,23.155573
2013-05-21,46.330002,156.545778,23.106784
2013-05-22,45.779999,155.384579,22.667676999999998
2013-05-23,45.689999,154.93508799999998,22.531066
2013-05-24,43.25,154.803986,22.091957999999998
2013-05-28,41.799999,155.731074,22.306634
2013-05-29,41.93,154.71971000000002,22.033410999999997
2013-05-30,42.759997999999996,155.290943,23.067752
2013-05-31,42.330002,153.062195,23.282427
2013-06-03,41.040001000000004,153.90500600000001,22.999446
2013-06-04,37.799999,153.16520500000001,23.028721
2013-06-05,37.950001,151.020748,22.570097
2013-06-06,38.060001,152.387952,22.111475
2013-06-07,39.610001000000004,154.326404,21.857768
2013-06-10,38.68,154.326404,21.633336
2013-06-11,37.59,152.734447,20.823428
2013-06-12,37.580002,151.470239,20.218435
2013-06-13,37.799999,153.77390400000002,21.447935
2013-06-14,37.560001,152.80935,21.243019
2013-06-17,38.220001,153.989282,21.301566
2013-06-18,38.25,155.20666599999998,21.769947
2013-06-19,37.650002,153.062195,21.672367
2013-06-20,36.75,149.269583,21.096651
2013-06-21,38.299999,149.74876899999998,21.272292
2013-06-24,36.950001,147.856542,20.647785
2013-06-25,37.439999,149.278068,20.881975
2013-06-26,38.0,150.75606100000002,21.233261
2013-06-27,38.84,151.640981,21.077134
2013-06-28,38.18,151.019653,21.360113000000002
2013-07-01,37.799999,151.904573,21.389388
2013-07-02,38.169998,151.76336799999999,21.057617999999998
2013-07-03,38.549999,151.829259,21.28205
2013-07-05,38.939999,153.46730300000002,21.321082999999998
2013-07-08,38.43,154.34279899999999,20.4819
2013-07-09,38.720001,155.453661,20.833185999999998
2013-07-10,39.740002000000004,155.510143,20.95028
2013-07-11,41.52,157.628296,21.408904
2013-07-12,42.43,157.694187,21.652853
2013-07-15,41.98,158.296683,21.408904
2013-07-16,41.84,157.70361,22.189538
2013-07-17,42.709998999999996,158.108406,22.267601000000003
2013-07-18,41.900002,158.974494,21.906558999999998
2013-07-19,42.5,159.256917,23.3117
2013-07-22,42.040001000000004,159.56758100000002,23.350732999999998
2013-07-23,42.540001000000004,159.228676,23.662986
2013-07-24,42.009997999999996,158.645012,23.916693
2013-07-25,43.220001,159.030976,23.819113
2013-07-26,43.220001,159.200435,23.370248999999998
2013-07-29,43.310001,158.710902,23.028721
2013-07-30,43.990002000000004,158.710902,23.194606
2013-07-31,43.75,158.82388,23.458070000000003
2013-08-01,45.139998999999996,160.659611,24.141125
2013-08-02,45.52,160.932611,24.014272000000002
2013-08-05,45.689999,160.697261,24.053303
2013-08-06,45.419998,159.7841,23.672744
2013-08-07,44.919998,159.266326,23.057994
2013-08-08,45.240002000000004,159.850005,23.067752
2013-08-09,45.209998999999996,159.388713,23.17509
2013-08-12,45.389998999999996,159.200435,23.662986
2013-08-13,45.07,159.67113600000002,24.141125
2013-08-14,44.66,158.85212099999998,24.082578
2013-08-15,43.599998,156.63041299999998,23.819113
2013-08-16,43.830002,156.112639,23.906934
2013-08-19,43.439999,155.114756,23.897176
2013-08-20,43.389998999999996,155.877289,24.248462
2013-08-21,43.5,154.917055,24.170399
2013-08-22,43.75,156.329157,24.482653
2013-08-23,43.59,156.85634,24.550957999999998
2013-08-26,43.400002,156.272676,24.599747
2013-08-27,42.459998999999996,153.75913500000001,23.848387
2013-08-28,42.779999,154.30515,24.746117
2013-08-29,43.650002,154.549909,25.292561
2013-08-30,49.130001,154.060376,24.746117
2013-09-03,49.580002,154.757018,24.794906
2013-09-04,48.77,156.037325,25.194981
2013-09-05,48.599998,156.235026,25.282803
2013-09-06,48.470001,156.310325,25.097402
2013-09-09,49.200001,157.807165,25.360866
2013-09-10,50.02,158.974494,25.692636
2013-09-11,49.880001,159.47343600000002,24.960791
2013-09-12,49.959998999999996,159.049808,24.785148
2013-09-13,49.639998999999996,159.407545,24.658296
2013-09-16,49.650002,160.33011399999998,24.697326
2013-09-17,49.900002,161.04558899999998,25.058370999999998
2013-09-18,52.490002000000004,162.90956,25.146192000000003
2013-09-19,53.380001,162.636546,25.00958
2013-09-20,52.759997999999996,161.499479,24.970549
2013-09-23,52.349998,160.752139,25.234014000000002
2013-09-24,52.139998999999996,160.373749,25.204739
2013-09-25,52.470001,159.910208,24.521683
2013-09-26,53.32,160.525111,24.404589
2013-09-27,52.43,159.787239,24.170399
2013-09-30,51.91,158.935839,24.238704000000002
2013-10-01,52.630001,160.194008,24.941275
2013-10-02,53.150002,160.042646,24.580232000000002
2013-10-03,52.0,158.566903,24.316768
2013-10-04,52.830002,159.768315,25.019338
2013-10-07,52.16,158.387163,24.677812
2013-10-08,50.139998999999996,156.542485,24.267979
2013-10-09,49.91,156.656013,24.102094
2013-10-10,51.540001000000004,160.033191,24.472894
2013-10-11,51.07,161.064318,24.443620000000003
2013-10-14,51.169998,161.707598,24.599747
2013-10-15,50.720001,160.534565,24.248462
2013-10-16,52.580002,162.776572,24.580232000000002
2013-10-17,53.009997999999996,163.864455,24.004514
2013-10-18,54.099998,164.97126200000002,24.316768
2013-10-21,55.099998,164.980717,24.980307
2013-10-22,54.279999,165.93617700000001,24.687568
2013-10-23,53.34,165.141548,23.262911
2013-10-24,54.380001,165.69021,23.136057
2013-10-25,54.560001,166.44700500000002,23.282427
2013-10-28,53.490002000000004,166.711881,23.653228
2013-10-29,53.700001,167.601115,24.014272000000002
2013-10-30,52.790001000000004,166.76863799999998,23.887418
2013-10-31,53.360001000000004,166.29564299999998,25.175465
2013-11-01,53.959998999999996,166.692972,25.34135
2013-11-04,55.580002,167.279481,25.185223
2013-11-05,55.689999,166.749729,25.185223
2013-11-06,55.23,167.601115,25.546267
2013-11-07,54.349998,165.482091,24.638779
2013-11-08,55.490002000000004,167.714629,24.736359
2013-11-11,56.119999,167.743022,24.5412
2013-11-12,56.709998999999996,167.40246499999998,24.941275
2013-11-13,57.209998999999996,168.745769,25.380382
2013-11-14,56.990002000000004,169.5877,25.43893
2013-11-15,57.310001,170.325571,25.302319
2013-11-18,55.509997999999996,169.729593,24.716843
2013-11-19,52.740002000000004,169.360657,24.511927
2013-11-20,53.610001000000004,168.830905,25.048613
2013-11-21,54.439999,170.19313300000002,25.926826000000002
2013-11-22,54.689999,171.044519,25.868279
2013-11-25,52.75,170.874248,26.073195000000002
2013-11-26,52.299999,170.921536,25.839005
2013-11-27,52.709998999999996,171.337774,25.965859
2013-11-29,52.09,171.22425900000002,25.946342
2013-12-02,51.560001,170.779643,26.522060999999997
2013-12-03,51.630001,170.04177099999998,26.912378000000004
2013-12-04,52.27,170.022848,26.961166
2013-12-05,53.049999,169.275522,27.468579
2013-12-06,53.880001,171.167502,26.834314000000003
2013-12-09,53.68,171.60265,27.741802000000003
2013-12-10,53.720001,170.987762,27.556401
2013-12-11,51.43,169.067403,27.195358000000002
2013-12-12,50.98,168.509272,27.058746000000003
2013-12-13,51.130001,168.490348,26.658671000000002
2013-12-16,51.16,169.540398,27.000199
2013-12-17,52.220001,169.001176,27.722285999999997
2013-12-18,53.360001000000004,171.88645,27.292935999999997
2013-12-19,53.07,171.6878,26.80504
2013-12-20,53.720001,172.686474,27.019715
2013-12-23,54.580002,173.60906699999998,27.1856
2013-12-24,54.799999,173.98951200000002,27.400274
2013-12-26,54.849998,174.874067,27.244146999999998
2013-12-27,54.450001,174.864561,27.175842
2013-12-30,55.169998,174.836028,27.634464
2013-12-31,55.189999,175.663503,27.868654
2014-01-02,54.860001000000004,173.980006,26.736734000000002
2014-01-03,55.119999,173.951473,27.048988
2014-01-06,54.23,173.44737800000001,26.961166
2014-01-07,54.950001,174.51263400000002,27.117295000000002
2014-01-08,56.939999,174.55068799999998,27.244146999999998
2014-01-09,56.290001000000004,174.664818,27.048988
2014-01-10,56.950001,175.14038100000002,27.078262
2014-01-13,56.209998999999996,172.810125,27.751559999999998
2014-01-14,57.509997999999996,174.693351,28.219941
2014-01-15,59.720001,175.634971,28.405341999999997
2014-01-16,59.209998999999996,175.40669499999998,27.927203000000002
2014-01-17,59.860001000000004,174.664818,29.790968
2014-01-21,60.950001,175.17842,30.464264
2014-01-22,61.139998999999996,175.292565,30.825309000000004
2014-01-23,60.080002,173.856355,30.669182
2014-01-24,58.400002,170.14696899999998,30.025159000000002
2014-01-27,57.080002,169.30997299999999,29.644598
2014-01-28,59.369999,170.31817900000001,29.322585999999998
2014-01-29,57.959998999999996,168.682241,29.410408
2014-01-30,60.970001,170.470348,29.820240999999996
2014-01-31,60.529999,169.47166299999998,29.517746000000002
2014-02-03,58.470001,165.657652,28.854206
2014-02-04,60.959998999999996,166.818027,28.990816
2014-02-05,61.630001,166.608778,29.137187
2014-02-06,61.700001,168.805877,29.527503999999997
2014-02-07,61.549999,170.898352,29.732419
2014-02-10,61.040001000000004,171.212225,29.956853000000002
2014-02-11,61.23,173.085945,30.337412
2014-02-12,61.48,173.171557,31.342478000000003
2014-02-13,63.130001,174.065604,31.332721999999997
2014-02-14,62.799999,175.026251,31.225384000000002
2014-02-18,63.73,175.2355,31.030224
2014-02-19,63.02,174.075124,30.561844
2014-02-20,63.009997999999996,175.102343,32.513431
2014-02-21,63.59,174.9026,31.927956
2014-02-24,63.91,175.872752,33.567289
2014-02-25,63.66,175.806167,32.942778000000004
2014-02-26,63.740002000000004,175.81568700000003,34.17228
2014-02-27,66.220001,176.738281,34.103975
2014-02-28,62.369999,177.185297,34.601627
2014-03-03,61.490002000000004,175.939324,35.323716
2014-03-04,63.07,178.412258,35.860402
2014-03-05,63.68,178.573947,35.909191
2014-03-06,63.139998999999996,178.982925,36.10435
2014-03-07,60.740002000000004,179.05901699999998,35.762824
2014-03-10,59.779999,178.963913,35.616453
2014-03-11,61.02,178.079358,35.352989
2014-03-12,61.52,178.126917,36.416604
2014-03-13,59.060001,176.129546,35.938466999999996
2014-03-14,58.16,175.634971,35.792096
2014-03-17,58.32,177.22335,35.987256
2014-03-18,59.630001,178.48835,36.58249
2014-03-19,58.43,177.537223,36.777646000000004
2014-03-20,59.119999,178.573947,38.319401
2014-03-21,57.029999,177.881325,36.641036
2014-03-24,56.360001000000004,177.145721,36.475152
2014-03-25,56.650002,177.986411,36.806922
2014-03-26,55.209998999999996,176.70628,35.850645
2014-03-27,55.970001,176.333705,36.016528
2014-03-28,55.75,177.203053,36.045801000000004
2014-03-31,57.09,178.655135,36.611763
2014-04-01,58.799999,179.839742,36.699584
2014-04-02,58.150002,180.441601,36.670312
2014-04-03,55.740002000000004,180.20277,36.75813
2014-04-04,54.41,178.07238700000002,35.030978999999995
2014-04-07,53.970001,176.104422,34.855336
2014-04-08,55.209998999999996,176.830477,35.148073
2014-04-09,56.950001,178.731563,35.997012
2014-04-10,54.549999,174.977146,34.650416
2014-04-11,52.869999,173.400853,34.055186
2014-04-14,53.779999,174.766974,34.474777
2014-04-15,55.23,175.970677,34.894365
2014-04-16,55.98,177.81446,34.943157
2014-04-17,56.099998,178.062839,35.206621999999996
2014-04-21,56.110001000000004,178.68379299999998,36.123866
2014-04-22,57.080002,179.495825,37.041111
2014-04-23,55.639998999999996,179.07548,40.49542
2014-04-24,54.73,179.438508,41.139443
2014-04-25,52.799999,177.9673,40.456387
2014-04-28,49.130001,178.530953,40.378325
2014-04-29,50.759997999999996,179.36208,40.036796
2014-04-30,51.650002,179.897059,40.056312
2014-05-01,52.080002,179.91617,40.251471
2014-05-02,52.439999,179.658228,40.427114
2014-05-05,53.650002,180.00214499999998,40.954044
2014-05-06,51.779999,178.43541399999998,40.368565000000004
2014-05-07,50.43,179.486277,40.056312
2014-05-08,50.150002,179.2952,40.436871000000004
2014-05-09,50.279999,179.562704,40.456439
2014-05-12,53.43,181.310934,41.796836
2014-05-13,52.279999,181.473352,41.601158
2014-05-14,51.880001,180.613552,41.014121
2014-05-15,51.419998,179.027711,39.957461
2014-05-16,51.799999,179.64868,39.869406
2014-05-19,53.23,180.30785600000002,40.221627000000005
2014-05-20,52.889998999999996,179.171018,39.654159
2014-05-21,50.189999,180.680432,40.368384000000006
2014-05-22,53.27,181.11987299999998,40.348819
2014-05-23,53.41,181.84592800000001,40.886933
2014-05-27,54.360001000000004,182.96365500000002,41.268505
2014-05-28,53.34,182.829911,41.327209
2014-05-29,54.400002,183.775672,41.982729
2014-05-30,52.630001,184.07182,42.374087
2014-06-02,52.380001,184.281993,42.139271
2014-06-03,50.950001,184.186469,44.66352
2014-06-04,51.07,184.559045,45.74953
2014-06-05,51.369999,185.762748,45.475582
2014-06-06,51.799999,186.651207,45.798453
2014-06-09,51.709998999999996,186.842269,45.681043
2014-06-10,53.060001,186.861379,45.86694
2014-06-11,53.310001,186.211751,46.776843
2014-06-12,53.040001000000004,184.893399,45.906073
2014-06-13,54.310001,185.457052,46.170239
2014-06-16,54.610001000000004,185.609892,46.346349
2014-06-17,57.82,186.125776,46.913817
2014-06-18,57.759997999999996,187.491882,46.502891
2014-06-19,57.880001,187.702054,46.453973
2014-06-20,57.509997999999996,188.08315100000002,47.295389
2014-06-23,58.0,188.02555900000002,46.855113
2014-06-24,57.459998999999996,186.892868,45.798453
2014-06-25,57.41,187.73758600000002,45.778884999999995
2014-06-26,57.169998,187.6032,45.358177000000005
2014-06-27,57.380001,187.96796799999998,45.064659999999996
2014-06-30,58.080002,187.871972,45.945209000000006
2014-07-01,59.200001,189.12944099999999,46.698570000000004
2014-07-02,58.91,189.321418,46.590947
2014-07-03,58.759997999999996,190.252524,47.050791
2014-07-07,57.34,189.59018899999998,46.365916999999996
2014-07-08,54.889998999999996,188.371125,46.15067
2014-07-09,54.599998,189.21582800000002,46.639866
2014-07-10,54.299999,188.467106,45.837586
2014-07-11,54.209998999999996,188.72628400000002,46.209375
2014-07-14,54.73,189.676592,46.434404
2014-07-15,53.740002000000004,189.321418,46.522459999999995
2014-07-16,53.950001,190.022157,46.747489
2014-07-17,52.639998999999996,187.862378,45.338608
2014-07-18,53.5,189.782181,51.727496
2014-07-21,53.32,189.427008,53.067893000000005
2014-07-22,53.599998,190.252524,53.048325
2014-07-23,53.599998,190.674883,52.294964
2014-07-24,54.060001,190.68447700000002,51.512253
2014-07-25,54.889998999999996,189.791775,50.328398
2014-07-28,54.0,189.868569,51.052408
2014-07-29,54.830002,189.052647,51.013272
2014-07-30,56.25,189.081443,51.042621999999994
2014-07-31,54.25,185.347425,49.663092
2014-08-01,53.48,184.781087,50.944784000000006
2014-08-04,54.900002,186.11535,50.993703000000004
2014-08-05,54.299999,184.31073,50.87605
2014-08-06,53.889998999999996,184.368336,51.130971
2014-08-07,53.75,183.37003,50.130902
2014-08-08,54.439999,185.491419,50.268166
2014-08-11,54.869999,186.028962,51.101555
2014-08-12,52.75,185.769785,51.385889
2014-08-13,52.82,187.027253,52.954623
2014-08-14,53.509997999999996,187.91036100000002,52.45459
2014-08-15,53.630001,187.871972,53.327199
2014-08-18,54.380001,189.44621,53.23895699999999
2014-08-19,54.959998999999996,190.434908,54.297855000000006
2014-08-20,55.389998999999996,190.943654,54.72925600000001
2014-08-21,55.709998999999996,191.500399,54.180198
2014-08-22,59.799999,191.202832,54.07235
2014-08-25,59.23,192.172327,53.68996800000001
2014-08-26,59.639998999999996,192.29711899999998,53.63114300000001
2014-08-27,59.580002,192.220325,53.788016000000006
2014-08-28,58.290001000000004,192.11473600000002,54.454729
2014-08-29,59.09,192.661887,55.552843
2014-09-02,59.849998,192.565891,55.190073
2014-09-03,59.029999,192.460301,54.40570699999999
2014-09-04,59.080002,192.181936,53.866451
2014-09-05,59.810001,193.045842,55.18026700000001
2014-09-08,60.360001000000004,192.546689,55.415579
2014-09-09,59.66,191.327624,54.54297
2014-09-10,60.700001,192.04755,54.915542
2014-09-11,61.209998999999996,192.268323,54.74886600000001
2014-09-12,59.25,191.14524,53.944889
2014-09-15,57.57,191.001246,52.94481999999999
2014-09-16,57.610001000000004,192.441099,54.72925600000001
2014-09-17,57.450001,192.700276,54.788084999999995
2014-09-18,57.66,193.72737800000002,56.670566
2014-09-19,58.240002000000004,193.55281499999998,56.552912
2014-09-22,57.32,192.058009,55.66069399999999
2014-09-23,56.810001,190.958607,55.788154000000006
2014-09-24,57.66,192.45341200000001,57.690245
2014-09-25,55.919998,189.348079,56.396038
2014-09-26,56.560001,190.852523,57.268646999999994
2014-09-29,57.23,190.50534299999998,57.386301
2014-09-30,57.529999,190.003871,56.915681000000006
2014-10-01,56.73,187.428955,52.268304
2014-10-02,56.639998999999996,187.457886,52.572244
2014-10-03,58.459998999999996,189.521677,54.17039499999999
2014-10-06,58.299999,189.299857,53.042865
2014-10-07,56.91,186.37776000000002,51.385889
2014-10-08,57.900002,189.637399,53.199738
2014-10-09,57.130001,185.87628899999999,51.209406
2014-10-10,54.77,183.75462199999998,46.091406
2014-10-13,53.23,180.736095,44.43443
2014-10-14,52.720001,181.015761,47.95428
2014-10-15,53.09,179.790984,48.640603000000006
2014-10-16,53.869999,179.63669299999998,50.523084000000004
2014-10-17,55.630001,181.758345,50.06227
2014-10-20,56.029999,183.523178,50.846637
2014-10-21,57.240002000000004,187.158928,53.63114300000001
2014-10-22,56.25,185.82806599999998,52.640876
2014-10-23,57.880001,187.98828799999998,54.258635999999996
2014-10-24,59.57,189.434871,53.964498999999996
2014-10-27,59.110001000000004,189.174496,53.788016000000006
2014-10-28,61.529999,191.344371,54.719453
2014-10-29,60.970001,191.055052,56.199946
2014-10-30,61.720001,192.279829,54.944959
2014-10-31,63.990002000000004,194.478634,57.101971
2014-11-03,63.59,194.58471799999998,59.053082999999994
2014-11-04,63.57,193.909649,59.239368999999996
2014-11-05,61.91,195.134412,59.690383
2014-11-06,63.09,195.915564,60.925761
2014-11-07,63.970001,196.0988,58.709924
2014-11-10,64.449997,196.716009,59.778625
2014-11-11,64.059998,196.908883,59.778625
2014-11-12,63.77,196.696731,59.798235
2014-11-13,63.16,196.91853700000001,59.523703000000005
2014-11-14,63.91,196.966759,61.70499399999999
2014-11-17,62.509997999999996,197.09212,61.06633000000001
2014-11-18,62.470001,198.230106,62.785816000000004
2014-11-19,61.02,197.911856,62.697386
2014-11-20,58.299999,198.259036,63.53256700000001
2014-11-21,58.189999,199.31985500000002,63.237795
2014-11-24,58.09,199.879202,64.58391
2014-11-25,59.34,199.73455,64.328441
2014-11-26,59.23,200.245675,66.716071
2014-11-28,59.869999,199.821342,66.29356800000001
2014-12-01,59.080002,198.432619,64.62320600000001
2014-12-02,59.25,199.715258,64.652689
2014-12-03,58.880001,200.486772,65.507514
2014-12-04,58.950001,200.26496699999998,68.533812
2014-12-05,58.849998,200.59285500000001,69.133177
2014-12-08,56.41,199.252356,67.944275
2014-12-09,56.139998999999996,199.11734199999998,68.01305500000001
2014-12-10,55.32,195.925218,67.32525600000001
2014-12-11,55.48,196.91853700000001,68.85806
2014-12-12,55.07,193.736051,67.89514399999999
2014-12-15,55.41,192.40519,67.315435
2014-12-16,53.790001000000004,190.862177,66.932236
2014-12-17,57.0,194.603995,69.585155
2014-12-18,59.330002,199.4163,71.913833
2014-12-19,59.860001000000004,200.264795,71.432372
2014-12-22,59.860001000000004,201.186018,73.122382
2014-12-23,60.5,201.457536,72.120171
2014-12-24,60.330002,201.476934,73.024128
2014-12-26,60.799999,202.12663899999998,73.191162
2014-12-29,60.349998,202.398157,71.894178
2014-12-30,59.43,201.312085,71.589586
2014-12-31,59.310001,199.31446699999998,71.4422
2015-01-02,59.240002000000004,199.207798,72.04156400000001
2015-01-05,58.169998,195.610177,70.872311
2015-01-06,57.200001,193.767732,68.61241899999999
2015-01-07,56.93,196.18230400000002,69.742369
2015-01-08,58.59,199.66356399999998,72.906217
2015-01-09,58.16,198.063546,72.788314
2015-01-12,57.73,196.512002,71.059
2015-01-13,57.970001,195.959274,71.56993
2015-01-14,57.25,194.776225,70.35155300000001
2015-01-15,55.110001000000004,192.99196,70.086264
2015-01-16,56.639998999999996,195.522907,72.562321
2015-01-20,57.290001000000004,195.939876,74.242504
2015-01-21,57.709998999999996,196.928985,75.95217
2015-01-22,58.0,199.857518,77.946773
2015-01-23,58.619999,198.76173899999998,79.45009399999999
2015-01-26,59.779999,199.227197,81.04185
2015-01-27,57.790001000000004,196.599287,80.09858299999999
2015-01-28,56.349998,194.078032,80.403182
2015-01-29,58.099998,195.872004,82.722033
2015-01-30,56.450001,193.408928,81.601911
2015-02-02,57.279999,195.804117,80.589864
2015-02-03,58.610001000000004,198.635672,80.96383
2015-02-04,58.990002000000004,197.879298,80.99336
2015-02-05,59.259997999999996,199.876901,80.107647
2015-02-06,59.169998,199.324174,80.147013
2015-02-09,57.98,198.432041,77.824481
2015-02-10,58.790001000000004,200.546005,80.343834
2015-02-11,58.799999,200.662365,81.05240500000001
2015-02-12,61.259997999999996,202.592096,81.11145
2015-02-13,62.849998,203.426049,80.5505
2015-02-17,62.07,203.746055,81.426369
2015-02-18,63.0,203.765454,81.24922600000001
2015-02-19,62.810001,203.61998799999998,81.741288
2015-02-20,63.740002000000004,204.841834,82.961606
2015-02-23,62.580002,204.81274399999998,84.644456
2015-02-24,61.93,205.394561,86.780002
2015-02-25,62.869999,205.220021,86.33715
2015-02-26,70.239998,204.97759299999998,87.173653
2015-02-27,69.379997,204.279399,86.356829
2015-03-02,68.459999,205.569117,89.683164
2015-03-03,66.949997,204.725458,87.331109
2015-03-04,64.879997,203.862416,88.72856999999999
2015-03-05,65.589996,204.08546,90.096501
2015-03-06,64.559998,201.21510800000001,89.30919899999999
2015-03-09,65.480003,202.04906,90.657451
2015-03-10,63.759997999999996,198.771431,89.752052
2015-03-11,63.68,198.305974,90.736175
2015-03-12,64.949997,200.82722900000002,91.3857
2015-03-13,64.599998,199.59569199999999,91.444745
2015-03-16,66.43,202.262398,95.243462
2015-03-17,67.550003,201.661182,95.765047
2015-03-18,68.550003,204.08546,95.578068
2015-03-19,68.879997,203.154531,97.989168
2015-03-20,67.690002,204.94774099999998,100.429797
2015-03-23,67.660004,204.548382,100.1444
2015-03-24,67.370003,203.399022,99.84916
2015-03-25,65.779999,200.418447,94.052674
2015-03-26,65.989998,199.941177,91.562843
2015-03-27,66.550003,200.398977,97.260918
2015-03-30,66.849998,202.843812,98.540274
2015-03-31,66.809998,201.071052,96.72949100000001
2015-04-01,66.08000200000001,200.360007,95.30250699999999
2015-04-02,66.68,201.080802,94.977752
2015-04-06,67.940002,202.434717,93.954263
2015-04-07,68.199997,201.898992,95.243462
2015-04-08,68.209999,202.580817,95.92251
2015-04-09,67.739998,203.476932,98.254878
2015-04-10,67.639999,204.58733700000002,98.05805600000001
2015-04-13,67.08000200000001,203.662002,97.014887
2015-04-14,66.910004,204.051627,94.121562
2015-04-15,67.209999,204.96721200000002,94.702199
2015-04-16,67.910004,204.908772,94.160928
2015-04-17,65.809998,202.551597,92.78315400000001
2015-04-20,66.900002,204.402282,93.42283499999999
2015-04-21,67.379997,204.158772,93.905054
2015-04-22,67.709999,205.162031,95.292671
2015-04-23,68.470001,205.678271,94.298705
2015-04-24,67.83000200000001,206.155541,91.907285
2015-04-27,67.839996,205.298396,93.04887099999999
2015-04-28,66.889999,205.951001,93.04887099999999
2015-04-29,74.650002,205.103591,92.104106
2015-04-30,72.82,203.04836699999998,90.785384
2015-05-01,73.360001,205.24969099999998,96.739334
2015-05-04,71.599998,205.834121,97.536472
2015-05-05,72.75,203.476932,93.127595
2015-05-06,73.790001,202.63925700000001,93.06855
2015-05-07,74.519997,203.44771200000002,95.528859
2015-05-08,72.400002,206.126321,96.158697
2015-05-11,71.199997,205.142547,95.617434
2015-05-12,71.769997,204.528897,95.380925
2015-05-13,71.790001,204.56786699999998,95.242963
2015-05-14,72.879997,206.70101599999998,97.046324
2015-05-15,72.400002,206.925041,96.139712
2015-05-18,72.800003,207.567911,101.53008
2015-05-19,71.480003,207.499721,102.47610300000001
2015-05-20,70.160004,207.353621,102.229743
2015-05-21,72.910004,207.95752099999999,102.377561
2015-05-22,75.010002,207.46076599999998,103.16591700000001
2015-05-26,73.57,205.230207,102.210037
2015-05-27,73.949997,207.178286,107.048553
2015-05-28,72.68,206.944526,106.082825
2015-05-29,72.75,205.65878600000002,107.76792900000001
2015-06-01,73.099998,206.077631,107.85661499999999
2015-06-02,72.900002,205.873076,106.545983
2015-06-03,73.470001,206.41853600000002,103.855724
2015-06-04,72.209999,204.675012,104.082379
2015-06-05,73.550003,204.32435700000002,104.200627
2015-06-08,71.839996,203.067837,100.83041700000001
2015-06-09,71.760002,203.038617,100.75158
2015-06-10,73.029999,205.483466,104.003541
2015-06-11,72.400002,206.136071,104.092228
2015-06-12,71.769997,204.55811699999998,103.422127
2015-06-15,72.559998,203.671752,104.56524300000001
2015-06-16,73.400002,204.791892,104.782041
2015-06-17,74.41999799999999,205.123062,105.01854499999999
2015-06-18,75.709999,207.256211,108.378906
2015-06-19,75.0,206.336164,108.595697
2015-06-22,74.779999,207.393246,109.30521599999999
2015-06-23,74.199997,207.549854,108.67453400000001
2015-06-24,73.5,206.042527,106.82190600000001
2015-06-25,73.610001,205.406328,108.27050700000001
2015-06-26,72.339996,205.367183,105.34374299999999
2015-06-29,70.0,201.060551,100.55449499999999
2015-06-30,69.629997,201.481434,102.584503
2015-07-01,70.540001,203.09641100000002,102.397274
2015-07-02,70.41999799999999,202.92023799999998,103.323584
2015-07-06,69.160004,202.332966,100.455952
2015-07-07,70.260002,203.595583,99.027057
2015-07-08,69.389999,200.18944,94.208246
2015-07-09,69.959999,200.551583,93.134118
2015-07-10,71.139999,203.076831,98.74127800000001
2015-07-13,71.050003,205.308444,99.027057
2015-07-14,71.790001,206.20891799999998,100.544638
2015-07-15,71.360001,206.140411,99.431092
2015-07-16,72.41999799999999,207.794548,100.879692
2015-07-17,72.809998,207.960939,101.41183199999999
2015-07-20,72.769997,208.07838700000002,101.638479
2015-07-21,73.83000200000001,207.266,102.456398
2015-07-22,73.870003,206.884277,98.189433
2015-07-23,72.209999,205.719529,101.618774
2015-07-24,73.91999799999999,203.5858,96.287529
2015-07-27,72.459999,202.40147199999998,92.128963
2015-07-28,73.790001,204.887577,94.287084
2015-07-29,73.879997,206.297019,93.80421899999999
2015-07-30,73.360001,206.34596100000002,95.351363
2015-07-31,73.300003,206.032745,94.277227
2015-08-03,72.440002,205.337806,91.4293
2015-08-04,71.889999,204.936518,87.64445500000001
2015-08-05,72.529999,205.611878,87.91126899999999
2015-08-06,70.43,203.928378,84.966404
2015-08-07,70.410004,203.536858,87.318344
2015-08-10,71.269997,206.10126699999998,89.956866
2015-08-11,71.629997,204.231797,87.921153
2015-08-12,71.040001,204.486274,88.84019
2015-08-13,71.400002,204.231797,88.583253
2015-08-14,72.989998,204.975663,88.04961800000001
2015-08-17,74.040001,206.120831,89.858046
2015-08-18,72.58000200000001,205.523776,84.68969799999999
2015-08-19,72.040001,203.899016,86.20166800000001
2015-08-20,67.82,199.641326,81.468135
2015-08-21,69.150002,193.631631,78.13786
2015-08-24,65.16999799999999,185.478409,79.560887
2015-08-25,65.18,183.295739,79.610293
2015-08-26,68.519997,190.333154,85.134398
2015-08-27,69.940002,195.041073,88.71171700000001
2015-08-28,70.25,195.050856,87.575281
2015-08-31,69.360001,193.475023,86.32024799999999
2015-09-01,66.629997,187.70023899999998,82.070944
2015-09-02,67.980003,191.26299,84.72922700000001
2015-09-03,68.25,191.400018,84.33394100000001
2015-09-04,67.129997,188.502829,82.38717199999999
2015-09-08,70.760002,193.240111,86.695773
2015-09-09,69.029999,190.656138,85.401211
2015-09-10,69.739998,191.693655,87.031761
2015-09-11,70.050003,192.564767,87.120704
2015-09-14,69.889999,191.850248,88.44490400000001
2015-09-15,71.269997,194.23846799999998,90.579444
2015-09-16,71.879997,195.93175,90.441087
2015-09-17,72.32,195.49130300000002,89.670283
2015-09-18,71.400002,192.296684,88.316439
2015-09-21,72.139999,193.290398,88.16820600000001
2015-09-22,71.650002,190.77168799999998,85.677909
2015-09-23,71.989998,190.47654,87.081175
2015-09-24,71.709999,189.787821,85.332037
2015-09-25,72.440002,189.758307,86.735295
2015-09-28,69.040001,184.97671499999998,81.734949
2015-09-29,68.379997,185.084941,81.87329799999999
2015-09-30,69.43,188.538322,83.217265
2015-10-01,72.910004,189.030255,82.38717199999999
2015-10-02,73.93,191.853947,83.06903199999999
2015-10-05,75.269997,195.26796399999998,80.904855
2015-10-06,74.41999799999999,194.598927,79.758526
2015-10-07,75.0,196.192801,82.62434
2015-10-08,75.089996,197.963764,78.493617
2015-10-09,75.25,198.08182299999999,78.562792
2015-10-12,75.879997,198.26876000000001,78.65172700000001
2015-10-13,76.629997,197.01924499999998,76.556724
2015-10-14,75.58000200000001,196.074727,76.902596
2015-10-15,77.699997,199.085371,79.294066
2015-10-16,78.769997,199.990526,78.661611
2015-10-19,77.93,200.088904,76.912481
2015-10-20,77.529999,199.833104,77.36705699999999
2015-10-21,75.83000200000001,198.593438,76.754363
2015-10-22,77.370003,201.94841100000002,80.726977
2015-10-23,78.559998,204.16211,81.576839
2015-10-26,78.220001,203.66034299999998,76.991539
2015-10-27,77.75,203.266803,75.410395
2015-10-28,78.529999,205.57888,76.58636899999999
2015-10-29,78.139999,205.460821,73.7502
2015-10-30,77.709999,204.575332,76.329432
2015-11-02,79.199997,206.99565,78.365152
2015-11-03,78.629997,207.595809,78.147745
2015-11-04,78.389999,206.966135,79.234775
2015-11-05,78.709999,206.759517,79.33359499999999
2015-11-06,79.410004,206.651291,84.97628
2015-11-09,78.220001,204.72292099999999,83.88924899999999
2015-11-10,78.25,205.195173,79.422538
2015-11-11,78.709999,204.38841000000002,78.167506
2015-11-12,78.300003,201.53518799999998,74.94593499999999
2015-11-13,75.599998,199.272293,73.947847
2015-11-16,76.260002,202.302603,74.392539
2015-11-17,77.239998,202.155029,76.504726
2015-11-18,77.349998,205.362428,79.737462
2015-11-19,80.639999,205.185339,77.347616
2015-11-20,80.989998,205.933072,77.912848
2015-11-23,80.779999,205.696954,77.069959
2015-11-24,80.389999,205.97243500000002,79.05323100000001
2015-11-25,80.410004,205.94292099999998,79.638293
2015-11-27,79.970001,206.179039,81.214998
2015-11-30,79.690002,205.32308,82.325625
2015-12-01,81.010002,207.28096499999998,83.059442
2015-12-02,80.879997,205.165658,83.92215999999999
2015-12-03,79.93,202.29277,82.742118
2015-12-04,82.139999,206.238069,87.18464399999999
2015-12-07,80.68,204.98856899999998,85.964936
2015-12-08,81.08000200000001,203.611147,86.371503
2015-12-09,79.709999,202.027122,83.971745
2015-12-10,79.379997,202.54856999999998,84.179988
2015-12-11,76.870003,198.622952,80.748928
2015-12-14,76.989998,199.626485,77.853352
2015-12-15,77.370003,201.722125,77.12945400000001
2015-12-16,78.889999,204.673725,78.309504
2015-12-17,78.43,201.55487,77.149291
2015-12-18,77.029999,197.96416599999998,75.741162
2015-12-21,77.290001,199.597201,77.764101
2015-12-22,77.860001,201.408393,77.75419000000001
2015-12-23,78.040001,203.902497,78.507828
2015-12-24,77.83000200000001,203.56598,78.656575
2015-12-28,78.199997,203.100824,78.64665600000001
2015-12-29,79.440002,205.268302,79.757292
2015-12-30,79.139999,203.81341,78.527665
2015-12-31,78.400002,201.774586,76.187403
2016-01-04,76.709999,198.953887,77.278201
2016-01-05,77.050003,199.29038899999998,72.67701
2016-01-06,76.290001,196.776502,68.57163800000001
2016-01-07,74.300003,192.055525,66.59828399999999
2016-01-08,73.230003,189.94741299999998,66.330538
2016-01-11,73.18,190.13546200000002,65.497567
2016-01-12,74.459999,191.669534,66.07271
2016-01-13,72.349998,186.889176,61.6401
2016-01-14,73.07,189.957304,64.00019499999999
2016-01-15,70.860001,185.879655,60.16256
2016-01-19,70.800003,186.12708600000002,59.874989
2016-01-20,70.33000200000001,183.741853,61.104615
2016-01-21,69.510002,184.771172,62.76065
2016-01-22,71.550003,188.561808,66.46936600000001
2016-01-25,69.91999799999999,185.71140400000002,65.04140799999999
2016-01-26,69.870003,188.24509,65.249658
2016-01-27,67.43,186.196374,61.620266
2016-01-28,65.690002,187.166297,64.248104
2016-01-29,68.059998,191.728915,68.343558
2016-02-01,68.440002,191.659627,69.037708
2016-02-02,64.519997,188.205508,65.923971
2016-02-03,65.339996,189.33379,65.63639599999999
2016-02-04,67.199997,189.63071000000002,65.447982
2016-02-05,58.509997999999996,186.018216,61.6401
2016-02-08,54.049999,183.514221,58.804019999999994
2016-02-09,57.330002,183.524113,57.469379
2016-02-10,58.759997999999996,183.365769,56.971378
2016-02-11,59.240002000000004,180.980535,55.626771
2016-02-12,59.68,184.711791,57.399659
2016-02-16,59.720001,187.829409,61.19442900000001
2016-02-17,63.490002000000004,190.897552,63.45535600000001
2016-02-18,61.700001,190.11566399999998,61.821912
2016-02-19,62.139998999999996,190.026592,62.778074
2016-02-22,63.98,192.778018,64.03304
2016-02-23,62.900002,190.34331,62.369713
2016-02-24,62.52,191.214255,63.45535600000001
2016-02-25,69.41999799999999,193.530201,64.29200300000001
2016-02-26,69.720001,193.084829,64.640602
2016-02-29,67.75,191.570556,66.184402
2016-03-01,70.019997,196.073793,70.118619
2016-03-02,70.43,196.954645,68.704297
2016-03-03,70.800003,197.726627,69.819815
2016-03-04,71.059998,198.36993999999999,72.718188
2016-03-07,70.489998,198.528299,72.62854399999999
2016-03-08,69.82,196.360806,69.63058000000001
2016-03-09,71.040001,197.33074399999998,70.736136
2016-03-10,70.699997,197.48908799999998,69.690338
2016-03-11,71.629997,200.675994,72.47914200000001
2016-03-14,72.220001,200.418672,72.499066
2016-03-15,71.699997,200.092062,73.315788
2016-03-16,72.730003,201.250034,74.700232
2016-03-17,72.720001,202.52678400000002,74.62055
2016-03-18,72.650002,203.322644,76.71215500000001
2016-03-21,72.25,203.611137,76.901398
2016-03-22,72.849998,203.501706,76.582677
2016-03-23,71.779999,202.158699,75.995039
2016-03-24,72.440002,202.069153,75.895433
2016-03-28,71.949997,202.18854199999998,76.61255600000001
2016-03-29,72.300003,204.058806,76.164358
2016-03-30,74.300003,204.954159,77.538839
2016-03-31,73.83000200000001,204.456746,77.58864200000001
2016-04-01,75.730003,205.84949699999999,77.867522
2016-04-04,75.690002,205.182965,77.19024
2016-04-05,74.58000200000001,203.133625,76.76195799999999
2016-04-06,75.58000200000001,205.352083,77.897401
2016-04-07,75.32,202.89486100000002,77.000997
2016-04-08,74.849998,203.442018,77.0508
2016-04-11,74.160004,202.964506,75.765955
2016-04-12,74.269997,204.85467,74.34167
2016-04-13,75.949997,206.923911,76.76195799999999
2016-04-14,76.150002,206.933854,76.463154
2016-04-15,76.309998,206.705048,74.75999
2016-04-18,77.269997,208.157501,74.44126899999999
2016-04-19,76.190002,208.814075,71.941307
2016-04-20,76.139999,209.013053,72.548862
2016-04-21,77.150002,207.888894,71.403464
2016-04-22,76.480003,207.888894,71.214221
2016-04-25,76.510002,207.530756,70.43734
2016-04-26,76.209999,207.83915,71.41341899999999
2016-04-27,75.690002,208.266933,72.03094300000001
2016-04-28,75.379997,206.376753,71.493101
2016-04-29,75.800003,205.262553,66.552926
2016-05-02,77.25,206.894068,66.85173
2016-05-03,74.900002,205.093434,66.752124
2016-05-04,73.989998,203.949374,64.969285
2016-05-05,73.809998,203.90958799999999,64.09279699999999
2016-05-06,74.25,204.655708,64.371677
2016-05-09,74.620003,204.824827,64.79000400000001
2016-05-10,75.91999799999999,207.37158,64.860001
2016-05-11,75.790001,205.431671,64.589996
2016-05-12,75.889999,205.49135900000002,61.66
2016-05-13,76.370003,203.700668,60.75
2016-05-16,77.309998,205.710222,62.419998
2016-05-17,76.769997,203.790214,62.310001
2016-05-18,77.870003,203.849901,63.57
2016-05-19,81.089996,203.143567,62.799999
2016-05-20,81.019997,204.426902,64.559998
2016-05-23,81.730003,204.148352,65.809998
2016-05-24,82.75,206.794579,66.459999
2016-05-25,83.57,208.197288,66.269997
2016-05-26,83.349998,208.256975,66.16999799999999
2016-05-27,83.769997,209.152328,66.5
2016-05-31,83.709999,208.75438799999998,66.760002
2016-06-01,83.449997,209.18217099999998,67.269997
2016-06-02,83.239998,209.81886,66.58000200000001
2016-06-03,82.550003,209.192114,66.940002
2016-06-06,82.83000200000001,210.256586,66.110001
2016-06-07,83.139999,210.58486499999998,68.66999799999999
2016-06-08,83.349998,211.271298,68.379997
2016-06-09,82.730003,210.98280499999998,67.970001
2016-06-10,81.83000200000001,208.98320900000002,65.550003
2016-06-13,81.489998,207.37158,64.959999
2016-06-14,81.089996,206.963697,65.010002
2016-06-15,81.989998,206.675204,64.989998
2016-06-16,81.639999,207.291992,64.779999
2016-06-17,80.5,206.520004,63.970001
2016-06-20,81.220001,207.850006,65.949997
2016-06-21,81.629997,208.440002,65.459999
2016-06-22,80.620003,208.100006,65.349998
2016-06-23,82.279999,210.809998,67.209999
