Date,BAC,FB,FLR
2010-01-04,15.042539999999999,,42.612627
2010-01-05,15.531495999999999,,42.584844
2010-01-06,15.713654,,43.696236
2010-01-07,16.231372,,45.354064
2010-01-08,16.087562,,46.085728
2010-01-11,16.231372,,46.289484
2010-01-12,15.684892999999999,,45.492986
2010-01-13,15.934164,,45.789357
2010-01-14,16.12591,,46.493241
2010-01-15,15.589020000000001,,45.465202000000005
2010-01-19,15.646543,,45.844928
2010-01-20,15.809528,,44.937290999999995
2010-01-21,14.831619,,43.103495
2010-01-22,14.28514,,42.983093
2010-01-25,14.361839000000002,,43.353558
2010-01-26,14.160506,,43.307247
2010-01-27,14.563173,,43.649929
2010-01-28,14.735745999999999,,42.649675
2010-01-29,14.553587,,41.992102
2010-02-01,14.783682999999998,,42.566320000000005
2010-02-02,14.956254999999999,,44.085221999999995
2010-02-03,14.889142999999999,,43.344295
2010-02-04,14.141331,,41.038158
2010-02-05,14.381014000000002,,39.880458000000004
2010-02-08,13.882472,,39.306236
2010-02-09,13.872885,,40.08421
2010-02-10,14.064632000000001,,40.31575
2010-02-11,14.026283,,41.140032
2010-02-12,13.853710000000001,,40.852925
2010-02-16,14.534410999999999,,42.131027
2010-02-17,15.013779000000001,,42.214382
2010-02-18,15.2247,,43.353558
2010-02-19,15.2247,,42.547796000000005
2010-02-22,15.541082000000001,,42.973833
2010-02-23,15.282224,,41.686467
2010-02-24,15.656131,,41.936531
2010-02-25,15.867052,,41.723514
2010-02-26,15.972513000000001,,39.639654
2010-03-01,16.020449,,39.704485
2010-03-02,15.780764999999999,,39.593346999999994
2010-03-03,15.704022,,40.248206
2010-03-04,15.7328,,40.554733
2010-03-05,16.020595999999998,,41.474321999999994
2010-03-08,16.058968,,41.69725
2010-03-09,16.116526,,41.929469
2010-03-10,16.413916,,42.059511
2010-03-11,16.423509,,42.598261
2010-03-12,16.164493,,42.719015999999996
2010-03-15,16.164493,,42.431063
2010-03-16,16.337170999999998,,42.588971
2010-03-17,16.567407,,42.914079
2010-03-18,16.385136,,42.67257
2010-03-19,16.135713,,42.031646
2010-03-22,16.270017000000003,,42.133823
2010-03-23,16.433101,,42.588971
2010-03-24,16.855201,,43.443539
2010-03-25,17.018285000000002,,42.932657
2010-03-26,17.171776,,42.969809999999995
2010-03-29,17.306081,,43.638602
2010-03-30,17.037472,,43.731491
2010-03-31,17.12381,,43.202028999999996
2010-04-01,17.306081,,44.214504
2010-04-05,17.392418,,45.97937
2010-04-06,17.737773,,46.415943
2010-04-07,17.862485,,45.83075
2010-04-08,17.891263000000002,,46.202302
2010-04-09,17.833705,,47.159043
2010-04-12,17.900857000000002,,47.549169
2010-04-13,17.91045,,47.446996
2010-04-14,18.610751,,48.013608000000005
2010-04-15,18.687496,,47.688502
2010-04-16,17.661027,,47.056866
2010-04-19,17.641841,,47.186908
2010-04-20,17.852892,,48.635956
2010-04-21,17.536317,,48.868175
2010-04-22,17.78574,,49.332614
2010-04-23,17.680214000000003,,49.592698
2010-04-26,17.315673,,49.239724
2010-04-27,16.759269,,48.533778999999996
2010-04-28,17.056658,,49.416213
2010-04-29,17.555502,,51.208944
2010-04-30,17.104623999999998,,49.081817
2010-05-03,17.325266,,49.797052
2010-05-04,16.845608,,47.734945
2010-05-05,16.816829000000002,,47.196199
2010-05-06,15.617683,,45.747151
2010-05-07,15.521751,,42.68186
2010-05-10,16.596185000000002,,45.477776
2010-05-11,16.461880999999998,,46.880381
2010-05-12,16.375542000000003,,49.592698
2010-05-13,16.18368,,49.323322999999995
2010-05-14,15.675241,,47.632768
2010-05-17,15.684835000000001,,46.731761
2010-05-18,15.301107,,46.527407000000004
2010-05-19,15.646460999999999,,44.846140000000005
2010-05-20,14.677551999999999,,42.078089
2010-05-21,15.339479999999998,,42.53324
2010-05-24,14.773482999999999,,41.808714
2010-05-25,14.859820999999998,,41.938759999999995
2010-05-26,14.840635999999998,,41.130635
2010-05-27,15.521751,,44.409571
2010-05-28,15.099651000000001,,43.582868
2010-06-01,14.811855,,41.390723
2010-06-02,15.253428,,42.475905
2010-06-03,15.176632999999999,,42.932336
2010-06-04,14.735060999999998,,40.976209999999995
2010-06-07,14.235892999999999,,39.718697999999996
2010-06-08,14.715862,,40.864429
2010-06-09,14.408682,,40.640873
2010-06-10,14.840654,,42.466590999999994
2010-06-11,14.975045999999999,,42.485222
2010-06-14,14.792657,,42.67152
2010-06-15,15.167034,,44.059437
2010-06-16,15.234229000000001,,43.807935
2010-06-17,15.186232,,43.01617
2010-06-18,15.186232,,43.286303000000004
2010-06-21,15.157434,,43.146578000000005
2010-06-22,14.955847,,42.308236
2010-06-23,14.811856,,41.991533000000004
2010-06-24,14.418282000000001,,40.808541999999996
2010-06-25,14.802257,,41.320859999999996
2010-06-28,14.629467000000002,,40.482518
2010-06-29,13.986308,,39.327474
2010-06-30,13.794321,,39.58829
2010-07-01,13.458343,,38.898986
2010-07-02,13.285553,,38.898986
2010-07-06,13.496739999999999,,39.64418
2010-07-07,14.1207,,41.358121000000004
2010-07-08,14.264691000000001,,42.103311
2010-07-09,14.504675,,42.298922999999995
2010-07-12,14.600670000000001,,41.60962
2010-07-13,15.042241,,42.606316
2010-07-14,15.042241,,41.898382
2010-07-15,14.773458999999999,,41.348804
2010-07-16,13.419944000000001,,39.858422
2010-07-19,13.064767,,40.147182
2010-07-20,13.218357999999998,,41.339490000000005
2010-07-21,12.824782,,40.948263
2010-07-22,13.112764000000002,,42.867132
2010-07-23,13.189559,,43.817251
2010-07-26,13.583134,,44.571754999999996
2010-07-27,13.621532,,45.736117
2010-07-28,13.429544,,45.261059
2010-07-29,13.467941,,44.683537
2010-07-30,13.477541,,44.981613
2010-08-02,13.861516,,46.211178000000004
2010-08-03,13.765523000000002,,45.615026
2010-08-04,13.621532,,45.847898
2010-08-05,13.458343,,45.512561
2010-08-06,13.400746,,45.410097
2010-08-09,13.352749,,45.857211
2010-08-10,13.083966,,45.400784
2010-08-11,12.661593,,43.463285
2010-08-12,12.536800999999999,,43.127947999999996
2010-08-13,12.69999,,42.923023
2010-08-16,12.661593,,42.755354
2010-08-17,12.680792,,43.779990999999995
2010-08-18,12.786385000000001,,44.487921
2010-08-19,12.498403999999999,,43.547119
2010-08-20,12.354413000000001,,43.398081
2010-08-23,12.354413000000001,,43.137265
2010-08-24,12.133627,,41.954273
2010-08-25,12.152825,,41.879752
2010-08-26,11.970436999999999,,41.535102
2010-08-27,12.133627,,42.615629999999996
2010-08-30,11.826446,,41.814547999999995
2010-08-31,11.960838,,41.600305999999996
2010-09-01,12.690977,,43.286364
2010-09-02,12.758227,,44.295194
2010-09-03,12.969583,,44.911706
2010-09-07,12.690977,,44.52872
2010-09-08,12.844691000000001,,44.902363
2010-09-09,12.969583,,44.836976
2010-09-10,13.017619,,45.388096999999995
2010-09-13,13.401902999999999,,46.480996999999995
2010-09-14,13.142510999999999,,45.715032
2010-09-15,13.171332000000001,,45.76174
2010-09-16,13.017619,,45.472167
2010-09-17,12.873512,,45.425461999999996
2010-09-20,13.200153,,46.602431
2010-09-21,13.113689,,47.13487
2010-09-22,12.892727,,46.294179
2010-09-23,12.652549,,44.986432
2010-09-24,13.065655,,45.68701
2010-09-27,12.719797999999999,,45.649645
2010-09-28,12.748619999999999,,46.761231
2010-09-29,12.594906,,46.322201
2010-09-30,12.5853,,46.266154
2010-10-01,12.777441,,47.032118
2010-10-04,12.633334,,46.387588
2010-10-05,13.027225999999999,,48.330525
2010-10-06,12.863905,,48.620095
2010-10-07,12.787049,,48.890986
2010-10-08,12.662156,,49.189899
2010-10-11,12.633334,,48.489321000000004
2010-10-12,12.988798,,48.031609
2010-10-13,12.767833999999999,,49.124512
2010-10-14,12.104944999999999,,49.02176
2010-10-15,11.509304,,48.451956
2010-10-18,11.85516,,45.985923
2010-10-19,11.336377,,45.76174
2010-10-20,11.288341,,45.957901
2010-10-21,10.913664,,46.639796000000004
2010-10-22,10.990521000000001,,46.21011
2010-10-25,10.721522,,46.303519
2010-10-26,10.856022,,46.630453
2010-10-27,11.086592,,45.864489
2010-10-28,11.076985,,45.84581
2010-10-29,11.000128,,45.014454
2010-11-01,11.048164,,45.602940999999994
2010-11-02,10.952092,,46.21011
2010-11-03,11.067378,,46.294179
2010-11-04,11.653411,,46.518361999999996
2010-11-05,11.874374000000001,,50.936671999999994
2010-11-08,12.104944999999999,,52.048258000000004
2010-11-09,11.787911,,51.254267
2010-11-10,12.076122999999999,,51.796049
2010-11-11,11.883981,,52.459262
2010-11-12,11.643804,,51.328996999999994
2010-11-15,11.62459,,51.730662
2010-11-16,11.470875,,50.54435
2010-11-17,11.163449,,51.328996999999994
2010-11-18,11.240305000000001,,53.318639000000005
2010-11-19,11.201877,,53.907121999999994
2010-11-22,10.856022,,54.280765
2010-11-23,10.654273,,53.16917900000001
2010-11-24,10.836807,,54.252743
2010-11-26,10.683094,,53.795030000000004
2010-11-29,10.865629,,54.159330000000004
2010-11-30,10.519772999999999,,54.019217000000005
2010-12-01,10.856328999999999,,55.942955000000005
2010-12-02,11.231347999999999,,56.860363
2010-12-03,11.404434,,57.824573
2010-12-06,11.192885,,57.684153
2010-12-07,11.125573,,56.972697
2010-12-08,11.539056,,57.50629
2010-12-09,12.164088000000001,,58.067964
2010-12-10,12.308327,,58.264554000000004
2010-12-13,12.058314,,57.843295999999995
2010-12-14,11.923691,,57.843295999999995
2010-12-15,11.817917,,57.393955000000005
2010-12-16,12.039083,,59.116429000000004
2010-12-17,12.087161,,59.687464
2010-12-20,12.135241,,59.987028
2010-12-21,12.481411999999999,,60.764015
2010-12-22,12.866048,,61.84055600000001
2010-12-23,12.55834,,61.765671
2010-12-27,12.760274,,62.374148
2010-12-28,12.827584,,61.278881000000005
2010-12-29,12.798737,,62.018421999999994
2010-12-30,12.769889,,61.934174
2010-12-31,12.827584,,62.027784999999994
2011-01-03,13.644934,,63.460058999999994
2011-01-04,13.693013,,60.427009
2011-01-05,13.943026000000001,,60.932511
2011-01-06,13.885330999999999,,61.175906000000005
2011-01-07,13.702629,,61.709497999999996
2011-01-10,13.846867000000001,,61.79375400000001
2011-01-11,14.125728,,63.974924
2011-01-12,14.414204000000002,,65.45400699999999
2011-01-13,14.202656,,65.697402
2011-01-14,14.664217,,66.642892
2011-01-18,14.423820000000001,,67.850497
2011-01-19,13.81802,,65.145083
2011-01-20,13.981489999999999,,65.435288
2011-01-21,13.702629,,66.483745
2011-01-24,13.385304999999999,,66.96117199999999
2011-01-25,13.106444999999999,,65.940797
2011-01-26,13.029518,,67.410516
2011-01-27,13.144908,,65.332313
2011-01-28,13.077598,,63.965568000000005
2011-01-31,13.202603,,64.770638
2011-02-01,13.760325,,65.032753
2011-02-02,13.693013,,65.04211600000001
2011-02-03,13.875715,,64.255765
2011-02-04,13.741093,,64.302575
2011-02-07,14.106496,,66.08121
2011-02-08,14.048801000000001,,65.996962
2011-02-09,14.077649,,65.547618
2011-02-10,13.93341,,66.848842
2011-02-11,14.202656,,68.824063
2011-02-14,14.318045999999999,,69.469993
2011-02-15,14.202656,,68.627477
2011-02-16,14.269966,,70.275063
2011-02-17,14.241119,,70.79929200000001
2011-02-18,14.183423000000001,,69.994222
2011-02-22,13.635318,,66.06249100000001
2011-02-23,13.625701999999999,,64.021734
2011-02-24,13.433385000000001,,64.321294
2011-02-25,13.65455,,64.74255500000001
2011-02-28,13.741093,,66.24035699999999
2011-03-01,13.394920999999998,,64.489797
2011-03-02,13.308314999999999,,65.225994
2011-03-03,13.731719,,67.007863
2011-03-04,13.587376,,66.876568
2011-03-07,13.500770999999999,,65.075938
2011-03-08,14.135875,,65.516719
2011-03-09,14.039648000000001,,65.18848
2011-03-10,13.722095999999999,,61.990481
2011-03-11,13.837569,,64.56951
2011-03-14,13.693226999999998,,64.663291
2011-03-15,13.433411999999999,,64.55075699999999
2011-03-16,13.173596,,63.453499
2011-03-17,13.452657,,64.813348
2011-03-18,13.510394,,65.00091
2011-03-21,13.520017000000001,,67.570566
2011-03-22,13.35643,,67.261081
2011-03-23,13.135105,,66.98911
2011-03-24,12.971518,,69.014816
2011-03-25,12.836799000000001,,69.389949
2011-03-28,12.865667,,67.992586
2011-03-29,12.846422,,68.236424
2011-03-30,12.942649000000001,,70.477834
2011-03-31,12.827176,,69.080471
2011-04-01,12.865667,,68.386473
2011-04-04,12.933026,,68.949169
2011-04-05,12.961895,,68.986683
2011-04-06,13.202465,,68.095748
2011-04-07,13.096614,,67.317349
2011-04-08,12.971518,,66.30449200000001
2011-04-11,12.981141000000001,,65.891852
2011-04-12,12.961895,,63.697329
2011-04-13,12.76944,,63.312823
2011-04-14,12.634721,,62.665718999999996
2011-04-15,12.336414,,64.456975
2011-04-18,11.951503,,62.684472
2011-04-19,11.87452,,63.219041000000004
2011-04-20,11.807161,,64.034948
2011-04-21,11.845652000000001,,65.085319
2011-04-25,11.970748,,64.91650899999999
2011-04-26,11.768669000000001,,64.44759499999999
2011-04-27,11.864897000000001,,63.509766000000006
2011-04-28,11.951503,,63.275309
2011-04-29,11.816783000000001,,65.591747
2011-05-02,11.87452,,63.828624
2011-05-03,12.124713,,63.884899
2011-05-04,12.018862,,62.084262
2011-05-05,11.836029,,61.605975
2011-05-06,11.845652000000001,,66.46392800000001
2011-05-09,11.720556,,67.729996
2011-05-10,11.816783000000001,,68.067615
2011-05-11,11.787915,,67.29859499999999
2011-05-12,11.739801,,66.46392800000001
2011-05-13,11.479986,,64.710186
2011-05-16,11.412626,,65.385424
2011-05-17,11.451117,,63.71609
2011-05-18,11.345267,,64.13811
2011-05-19,11.249039,,63.575414
2011-05-20,11.143188,,63.144013
2011-05-23,10.989224,,61.671623
2011-05-24,11.027714999999999,,61.92483299999999
2011-05-25,10.950733,,63.01271800000001
2011-05-26,11.027714999999999,,63.134632999999994
2011-05-27,11.249039,,63.77235699999999
2011-05-31,11.306776,,64.644538
2011-06-01,10.825227,,62.00915
2011-06-02,10.873382000000001,,62.441334
2011-06-03,10.86375,,61.774267
2011-06-06,10.430356,,59.425436
2011-06-07,10.256998,,59.585154
2011-06-08,10.151058,,59.61334300000001
2011-06-09,10.256998,,59.087203
2011-06-10,10.401464,,58.204043999999996
2011-06-13,10.56519,,58.12888
2011-06-14,10.401464,,60.026736
2011-06-15,10.112534,,58.608043
2011-06-16,10.208844000000001,,57.724880000000006
2011-06-17,10.285892,,56.82293000000001
2011-06-20,10.208844000000001,,57.790647
2011-06-21,10.430356,,58.861717000000006
2011-06-22,10.391832,,58.50469399999999
2011-06-23,10.314785,,58.138277
2011-06-24,10.131796000000001,,57.42423
2011-06-27,10.449619,,57.931579000000006
2011-06-28,10.420725,,59.40664399999999
2011-06-29,10.728917,,59.726085999999995
2011-06-30,10.555558999999999,,60.75018000000001
2011-07-01,10.680762,,60.214639
2011-07-05,10.594083,,60.74078299999999
2011-07-06,10.343677,,61.003851
2011-07-07,10.517035,,62.741983999999995
2011-07-08,10.305153,,62.939285
2011-07-11,9.968069,,61.060219999999994
2011-07-12,9.833235,,60.214639
2011-07-13,9.823604,,60.956871
2011-07-14,9.698400999999999,,60.40255
2011-07-15,9.630985,,61.210549
2011-07-18,9.361317,,60.411947999999995
2011-07-19,9.216852000000001,,61.774267
2011-07-20,9.48652,,61.59575400000001
2011-07-21,9.852497,,63.117799
2011-07-22,9.756188,,63.305703
2011-07-25,9.640616,,63.512401000000004
2011-07-26,9.630985,,62.873518000000004
2011-07-27,9.322792999999999,,60.496502
2011-07-28,9.428734,,59.491203000000006
2011-07-29,9.351686,,59.688504
2011-08-01,9.447996,,58.983854
2011-08-02,9.139804,,56.86990600000001
2011-08-03,9.187959,,56.691396
2011-08-04,8.504159,,51.289084
2011-08-05,7.8685149999999995,,53.65670600000001
2011-08-08,6.2697709999999995,,47.089372
2011-08-09,7.319547999999999,,51.646107
2011-08-10,6.5201769999999994,,50.612619
2011-08-11,6.982464,,53.947959
2011-08-12,6.924678,,55.235121
2011-08-15,7.473644,,56.76655699999999
2011-08-16,7.126929,,55.958562
2011-08-17,7.184715,,56.888697
2011-08-18,6.75132,,51.805826
2011-08-19,6.712796000000001,,50.903875
2011-08-22,6.183092,,51.204526
2011-08-23,6.067521,,53.04600799999999
2011-08-24,6.732058,,54.08889
2011-08-25,7.367703,,52.735965
2011-08-26,7.473644,,53.919774
2011-08-29,8.080396,,55.986746
2011-08-30,7.820359,,56.926279
2011-08-31,7.878217,,57.166357999999995
2011-09-01,7.627502000000001,,56.23429599999999
2011-09-02,6.991074,,54.727938
2011-09-06,6.740359,,54.501982
2011-09-07,7.212860000000001,,56.657961
2011-09-08,6.9428589999999994,,56.356689
2011-09-09,6.730716999999999,,54.144220999999995
2011-09-12,6.798217,,54.153638
2011-09-13,6.750002,,54.96330699999999
2011-09-14,6.798217,,55.575263
2011-09-15,7.068217,,57.081625
2011-09-16,6.971788,,57.025135
2011-09-19,6.740359,,55.132771999999996
2011-09-20,6.653574000000001,,53.81470600000001
2011-09-21,6.152145,,50.613690000000005
2011-09-22,5.843573,,46.621838000000004
2011-09-23,6.084645,,47.365604
2011-09-26,6.364288,,48.005807
2011-09-27,6.248573,,48.740157
2011-09-28,5.940002,,46.386469
2011-09-29,6.123216,,46.659498
2011-09-30,5.90143,,43.825657
2011-10-03,5.332502,,42.827695
2011-10-04,5.554288,,45.972221999999995
2011-10-05,5.56393,,46.876037
2011-10-06,6.055716,,48.711914
2011-10-07,5.6892879999999995,,47.205552000000004
2011-10-10,6.055716,,49.681632
2011-10-11,6.1425019999999995,,50.707839
2011-10-12,6.345002,,51.809363
2011-10-13,5.997859,,51.404529
2011-10-14,5.9689309999999995,,52.411907
2011-10-17,5.814645,,49.907584
2011-10-18,6.402858999999999,,49.879341
2011-10-19,6.171431,,49.427433
2011-10-20,6.23893,,49.662802
2011-10-21,6.2292879999999995,,51.329213
2011-10-24,6.480002,,53.40045799999999
2011-10-25,6.2292879999999995,,52.524885999999995
2011-10-26,6.354645,,53.325139
2011-10-27,6.962145,,56.507325
2011-10-28,7.087502000000001,,56.14015
2011-10-31,6.586074000000001,,53.522847
2011-11-01,6.171431,,51.027941
2011-11-02,6.480002,,52.327177
2011-11-03,6.663216,,55.170429000000006
2011-11-04,6.258216,,51.649314000000004
2011-11-07,6.219645,,51.81878
2011-11-08,6.296787999999999,,52.769668
2011-11-09,5.940002,,50.029976
2011-11-10,5.814645,,50.783156
2011-11-11,5.988216,,52.816741
2011-11-14,5.833931,,51.470432
2011-11-15,5.911073,,51.83761
2011-11-16,5.6892879999999995,,51.686974
2011-11-17,5.592859,,49.869927000000004
2011-11-18,5.5735730000000006,,49.446263
2011-11-21,5.2939300000000005,,49.154404
2011-11-22,5.178216,,49.408603
2011-11-23,4.95643,,47.384434000000006
2011-11-25,4.985359,,46.612421000000005
2011-11-28,5.062501999999999,,49.28621
2011-11-29,4.898573000000001,,49.022599
2011-11-30,5.256063,,51.73585
2011-12-01,5.34302,,51.348917
2011-12-02,5.4493,,50.810984999999995
2011-12-05,5.594228,,52.018971
2011-12-06,5.584567,,51.565976
2011-12-07,5.690847,,50.877046
2011-12-08,5.400991,,48.810256
2011-12-09,5.5265949999999995,,49.527497
2011-12-12,5.265724,,48.140198
2011-12-13,5.14012,,47.187021
2011-12-14,5.053163,,45.592101
2011-12-15,5.082148999999999,,45.554351000000004
2011-12-16,5.024177,,45.384477000000004
2011-12-19,4.8212779999999995,,44.412426
2011-12-20,4.995191999999999,,46.347093
2011-12-21,5.053163,,46.43203
2011-12-22,5.285048000000001,,47.621140999999994
2011-12-23,5.410652,,47.885391
2011-12-27,5.29471,,47.998639000000004
2011-12-28,5.111134,,46.885025
2011-12-29,5.275386,,47.489018
2011-12-30,5.372005000000001,,47.422956
2012-01-03,5.60389,,49.055627
2012-01-04,5.613551999999999,,49.159439
2012-01-05,6.096646,,49.036752
2012-01-06,5.9710410000000005,,48.810256
2012-01-09,6.057998,,48.630943
2012-01-10,6.405826,,50.027678
2012-01-11,6.637711,,49.735121
2012-01-12,6.560416,,51.141292
2012-01-13,6.386503,,50.527863
2012-01-17,6.260898,,51.575416
2012-01-18,6.570078,,52.273782000000004
2012-01-19,6.724667999999999,,53.444021
2012-01-20,6.830949,,52.726777
2012-01-23,7.004863,,52.509717
2012-01-24,7.04351,,52.028411
2012-01-25,7.101481,,53.538394
2012-01-26,7.053172,,53.76489300000001
2012-01-27,7.04351,,54.010264
2012-01-30,6.830949,,53.028773
2012-01-31,6.88892,,53.075963
2012-02-01,7.111142999999999,,54.680319
2012-02-02,7.1981,,54.708633999999996
2012-02-03,7.574914,,56.492303
2012-02-06,7.700517999999999,,56.05818299999999
2012-02-07,7.584575,,55.265441
2012-02-08,7.855108,,55.803371999999996
2012-02-09,7.903417999999999,,56.83205
2012-02-10,7.797136,,56.218617
2012-02-13,7.971050999999999,,56.775424
2012-02-14,7.71018,,57.388856999999994
2012-02-15,7.516942,,55.93549599999999
2012-02-16,7.816461,,56.907546999999994
2012-02-17,7.748828,,57.568166000000005
2012-02-21,7.835783999999999,,58.181599
2012-02-22,7.6811940000000005,,56.964172999999995
2012-02-23,7.748828,,60.389952
2012-02-24,7.613561,,59.833144999999995
2012-02-27,7.768151,,58.983777
2012-02-28,7.845446000000001,,58.511906999999994
2012-02-29,7.710013000000001,,57.077420999999994
2012-03-01,7.855119999999999,,58.515714
2012-03-02,7.864794,,58.373776
2012-03-05,7.710013000000001,,57.90065500000001
2012-03-06,7.458495,,55.213322
2012-03-07,7.758383,,55.724295
2012-03-08,7.797078,,56.859788
2012-03-09,7.7874039999999995,,57.768181000000006
2012-03-12,7.729361,,57.172045999999995
2012-03-13,8.21305,,59.140235
2012-03-14,8.551633,,59.007762
2012-03-15,8.938585,,58.998296999999994
2012-03-16,9.480317999999999,,59.310559
2012-03-19,9.219125,,58.440013
2012-03-20,9.489991999999999,,57.134199
2012-03-21,9.499665,,57.096349
2012-03-22,9.286842,,56.35828000000001
2012-03-23,9.528687,,57.49376899999999
2012-03-26,9.606077,,59.149696
2012-03-27,9.286842,,58.638727
2012-03-28,9.431948,,56.821937
2012-03-29,9.219125,,56.831402000000004
2012-03-30,9.257819999999999,,56.812476000000004
2012-04-02,9.364232000000001,,57.88172900000001
2012-04-03,9.18043,,57.73033
2012-04-04,8.89989,,57.351834999999994
2012-04-05,8.928911,,56.698925
2012-04-09,8.638698,,55.67698299999999
2012-04-10,8.261419,,54.229231000000006
2012-04-11,8.570981,,54.721279
2012-04-12,8.870869,,56.23526700000001
2012-04-13,8.396853,,54.976760999999996
2012-04-16,8.503264,,55.147085
2012-04-17,8.629024000000001,,56.547526
2012-04-18,8.629024000000001,,55.733759
2012-04-19,8.483917,,54.815901000000004
2012-04-20,8.087291,,55.298483999999995
2012-04-23,7.913163000000001,,54.276543000000004
2012-04-24,7.942183999999999,,54.390091000000005
2012-04-25,7.9905539999999995,,55.213322
2012-04-26,8.000228,,55.12816
2012-04-27,7.980878999999999,,55.610746
2012-04-30,7.845446000000001,,54.645577
2012-05-01,8.038922999999999,,54.863213
2012-05-02,7.893814999999999,,54.683428
2012-05-03,7.739035,,53.500623
2012-05-04,7.487516,,53.869657999999994
2012-05-07,7.70034,,53.377611
2012-05-08,7.535885,,52.232656
2012-05-09,7.477842,,51.494584
2012-05-10,7.448821000000001,,51.664908000000004
2012-05-11,7.303714,,50.993076
2012-05-14,7.110238000000001,,49.781884999999996
2012-05-15,7.061869000000001,,48.901878
2012-05-16,6.878067,,48.56123
2012-05-17,6.752308,,47.501438
2012-05-18,6.791003,38.23,46.924228
2012-05-21,6.607201,34.029999,48.097572
2012-05-22,6.752308,31.0,47.766385
2012-05-23,6.93611,32.0,47.766385
2012-05-24,6.907088000000001,33.029999,47.3595
2012-05-25,6.916761999999999,31.91,47.028316
2012-05-29,7.1973020000000005,28.84,47.794771000000004
2012-05-30,6.974505000000001,28.190001000000002,45.618411
2012-05-31,7.119807000000001,29.6,44.507619
2012-06-01,6.800142999999999,27.719998999999998,44.137356
2012-06-04,6.683901,26.9,43.881019
2012-06-05,6.877636999999999,25.870001000000002,45.010797
2012-06-06,7.400725,26.809998999999998,46.434889
2012-06-07,7.187614999999999,26.309998999999998,46.68173
2012-06-08,7.323230000000001,27.1,46.074118
2012-06-11,7.0520000000000005,27.01,44.697499
2012-06-12,7.2554229999999995,27.4,45.419037
2012-06-13,7.265110000000001,27.27,44.5361
2012-06-14,7.420097999999999,28.290001,44.744968
2012-06-15,7.652582000000001,30.01,45.077253999999996
2012-06-18,7.516967,31.41,45.561448
2012-06-19,7.856005000000001,31.91,46.586791999999996
2012-06-20,7.885066,31.6,46.178552
2012-06-21,7.575088,31.84,44.365208
2012-06-22,7.691329,33.049999,43.748104
2012-06-25,7.361978,32.060001,42.836683
2012-06-26,7.3813509999999996,33.099998,43.197454
2012-06-27,7.526653,32.23,44.773447999999995
2012-06-28,7.497592999999999,31.360001,45.893734
2012-06-29,7.923813000000001,31.1,46.843129
2012-07-02,7.797884,30.77,46.68173
2012-07-03,7.807571,31.200001,47.450741
2012-07-05,7.575088,31.469998999999998,47.441249
2012-07-06,7.420097999999999,31.73,46.5773
2012-07-09,7.323230000000001,32.169998,45.76082
2012-07-10,7.245736,31.469998999999998,44.498123
2012-07-11,7.391038000000001,30.969998999999998,43.86203
2012-07-12,7.245736,30.809998999999998,43.757597
2012-07-13,7.575088,30.719998999999998,44.868386
2012-07-16,7.565401,28.25,44.811425
2012-07-17,7.671956,28.09,45.371567999999996
2012-07-18,7.294169999999999,29.110001,46.605779999999996
2012-07-19,7.032626,29.0,46.729203000000005
2012-07-20,6.848577000000001,28.76,46.263998
2012-07-23,6.86795,28.75,45.286122
2012-07-24,6.819516,28.450001,44.650026000000004
2012-07-25,6.848577000000001,29.34,44.991809
2012-07-26,6.945444999999999,26.85,46.719707
2012-07-27,7.081060000000001,23.709999,48.020379999999996
2012-07-30,7.0520000000000005,23.15,47.545682
2012-07-31,7.110121,21.709999,47.070985
2012-08-01,6.993879,20.879998999999998,47.526694
2012-08-02,6.955131,20.040001,47.2039
2012-08-03,7.1973020000000005,21.09,49.558398
2012-08-06,7.400725,21.92,50.270444
2012-08-07,7.429785000000001,20.719998999999998,50.602731
2012-08-08,7.429785000000001,20.719998999999998,51.39073
2012-08-09,7.478219,21.01,51.60909
2012-08-10,7.497592999999999,21.809998999999998,50.944513
2012-08-13,7.478219,21.6,50.897044
2012-08-14,7.536341,20.379998999999998,50.583742
2012-08-15,7.623522,21.200001,50.868564
2012-08-16,7.681642,19.870001000000002,51.770485
2012-08-17,7.74945,19.049999,51.514148999999996
2012-08-20,7.894752,20.01,51.561621
2012-08-21,7.933499,19.16,51.219839
2012-08-22,7.962560000000001,19.440001000000002,50.593238
2012-08-23,7.894752,19.440001000000002,50.517285
2012-08-24,7.904439,19.41,50.384370000000004
2012-08-27,7.817258,19.15,50.052084
2012-08-28,7.710703,19.34,49.881192
2012-08-29,7.74945,19.1,49.558398
2012-08-30,7.662269,19.09,48.863212
2012-08-31,7.739763000000001,18.059998999999998,49.044151
2012-09-04,7.74945,17.73,49.425077
2012-09-05,7.710655,18.58,49.567921999999996
2012-09-06,8.098613,18.959999,50.739268
2012-09-07,8.535065,18.98,52.13917
2012-09-10,8.321688,18.809998999999998,53.196238
2012-09-11,8.75814,19.43,54.27235400000001
2012-09-12,8.699947,20.93,54.25330699999999
2012-09-13,9.117,20.709999,55.59606899999999
2012-09-14,9.262485,22.0,57.281665000000004
2012-09-17,9.020012,21.52,56.767414
2012-09-18,8.952117999999999,21.870001000000002,56.919784
2012-09-19,9.010311999999999,23.290001,56.843598
2012-09-20,8.913323,22.59,56.510289
2012-09-21,8.835731,22.860001,56.376966
2012-09-24,8.826033,20.790001,55.910331000000006
2012-09-25,8.661151,20.280001000000002,53.986656999999994
2012-09-26,8.554462,20.620001000000002,53.329562
2012-09-27,8.699947,20.32,53.910474
2012-09-28,8.564161,21.66,53.596208
2012-10-01,8.690248,21.99,54.02475
2012-10-02,8.661151,22.27,54.167598999999996
2012-10-03,8.835731,21.83,53.710489
2012-10-04,9.1267,21.950001,54.538999999999994
2012-10-05,9.039409,20.91,54.472339
2012-10-08,9.000613000000001,20.4,53.796197
2012-10-09,8.932721,20.23,53.672394999999995
2012-10-10,8.932721,19.639999,53.43431700000001
2012-10-11,9.058807,19.75,54.158074
2012-10-12,8.84543,19.52,53.700963
2012-10-15,9.155796,19.52,54.615184
2012-10-16,9.175194,19.48,55.186574
2012-10-17,9.155796,19.879998999999998,54.977064
2012-10-18,9.184894,18.98,56.253164
2012-10-19,9.155796,19.0,54.434245
2012-10-22,9.262485,19.32,53.92952
2012-10-23,9.078205,19.5,52.710556000000004
2012-10-24,9.029711,23.23,52.64389499999999
2012-10-25,8.961818,22.559998999999998,52.57723299999999
2012-10-26,8.84543,21.940001000000002,52.672467000000005
2012-10-31,9.039409,21.110001,53.186713
2012-11-01,9.446764,21.209999,54.910402000000005
2012-11-02,9.553453,21.18,49.529829
2012-11-05,9.456464,21.25,50.482141999999996
2012-11-06,9.640742999999999,21.17,51.89157
2012-11-07,8.952117999999999,20.469998999999998,50.691653
2012-11-08,9.107302,19.99,49.386984000000005
2012-11-09,9.146098,19.209999,49.672677
2012-11-12,9.107302,20.07,49.739339
2012-11-13,9.049108,19.860001,49.748864000000005
2012-11-14,8.719344,22.360001,48.939395000000005
2012-11-15,8.816334,22.17,49.434599
2012-11-16,8.84543,23.559998999999998,49.348890999999995
2012-11-19,9.204291,22.92,50.063126000000004
2012-11-20,9.340076,23.1,50.425005999999996
2012-11-21,9.475862,24.32,50.729746
2012-11-23,9.601947000000001,24.0,51.243996
2012-11-26,9.543754,25.940001000000002,51.205903
2012-11-27,9.369173,26.15,50.539283000000005
2012-11-28,9.466163,26.360001,50.824976
2012-11-29,9.534055,27.32,51.101976
2012-11-30,9.563151,28.0,50.700804
2012-12-03,9.504958,27.040001,50.605284000000005
2012-12-04,9.611646,27.459999,51.283459
2012-12-05,10.155335000000001,27.709999,51.101976
2012-12-06,10.155335000000001,26.969998999999998,52.69712
2012-12-07,10.330093,27.49,53.795576000000004
2012-12-10,10.262131,27.84,54.941789
2012-12-11,10.203878999999999,27.98,55.744138
2012-12-12,10.300966,27.58,54.941789
2012-12-13,10.233005,28.24,54.435545999999995
2012-12-14,10.27184,26.809998999999998,54.531062
2012-12-17,10.679607,26.75,55.24744499999999
2012-12-18,11.029121,27.709999,56.689761
2012-12-19,10.864072,27.41,56.154864
2012-12-20,11.184462,27.360001,56.861693
2012-12-21,10.961160000000001,26.26,56.498729000000004
2012-12-24,10.922325,26.93,55.906516
2012-12-26,11.203878,26.51,55.409824
2012-12-27,11.135917999999998,26.049999,55.59131
2012-12-28,11.029121,25.91,54.664787
2012-12-31,11.271839,26.620001000000002,56.10710600000001
2013-01-02,11.679606,28.0,58.26580500000001
2013-01-03,11.611645,27.77,57.664042
2013-01-04,11.757276,28.76,57.816869999999994
2013-01-07,11.737859,29.42,57.606733999999996
2013-01-08,11.631062,29.059998999999998,57.291524
2013-01-09,11.097083,30.59,58.007906999999996
2013-01-10,11.436888,31.299999,59.822745
2013-01-11,11.291257,31.719998999999998,59.383359999999996
2013-01-14,11.135917999999998,30.950001,59.28784399999999
2013-01-15,11.213587,30.1,59.784537
2013-01-16,11.436888,29.85,59.937365
2013-01-17,10.951450999999999,30.139999,60.271675
2013-01-18,10.81553,29.66,60.472265
2013-01-22,11.019413,30.73,61.14089
2013-01-23,11.087374,30.82,60.83523
2013-01-24,11.19417,31.08,61.713995
2013-01-25,11.281547999999999,31.540001,63.098999
2013-01-28,11.145626,32.470001,62.83155
2013-01-29,11.155335000000001,30.790001,63.02259
2013-01-30,11.048539,31.24,62.096067000000005
2013-01-31,10.990286,30.98,61.924135
2013-02-01,11.368927000000001,29.73,62.879312
2013-02-04,11.145626,28.110001,62.191582999999994
2013-02-05,11.533976,28.639999,62.602309999999996
2013-02-06,11.582519,29.049999,62.32530799999999
2013-02-07,11.495141,28.65,61.79995699999999
2013-02-08,11.417471,28.549999,60.854333999999994
2013-02-11,11.514558000000001,28.26,60.586886
2013-02-12,11.893199000000001,27.370001000000002,60.72061
2013-02-13,11.815529,27.91,61.179097999999996
2013-02-14,11.776694,28.5,61.675787
2013-02-15,11.679606,28.32,61.618479
2013-02-19,11.834946,28.93,63.309139
2013-02-20,11.456306,28.459999,61.456093
2013-02-21,11.087374,27.280001000000002,60.682402
2013-02-22,11.106791000000001,27.129998999999998,61.179097999999996
2013-02-25,10.708733,27.27,58.695634999999996
2013-02-26,10.805821,27.389999,58.609669
2013-02-27,10.980735000000001,26.870001000000002,59.727225
2013-02-28,10.912711999999999,27.25,59.277142000000005
2013-03-01,11.019605,27.780001000000002,57.946037
2013-03-04,11.087627000000001,27.719998999999998,57.486376
2013-03-05,11.223672,27.52,59.018581999999995
2013-03-06,11.583217999999999,27.450001,60.091124
2013-03-07,11.913611999999999,28.58,60.723158
2013-03-08,11.728978999999999,27.959999,61.585021
2013-03-11,11.806719000000001,28.139999,61.249852000000004
2013-03-12,11.670675,27.83,61.125363
2013-03-13,11.719263,27.08,61.077479000000004
2013-03-14,11.767849,27.040001,62.044685
2013-03-15,12.214853,26.65,61.747823
2013-03-18,12.205136,26.49,60.857225
2013-03-19,12.350897,26.549999,60.80934499999999
2013-03-20,12.418919,25.860001,61.316886
2013-03-21,12.214853,25.74,60.933837
2013-03-22,12.205136,25.73,62.188331000000005
2013-03-25,12.049656,25.129998999999998,61.57545
2013-03-26,11.933046000000001,25.209999,62.71502099999999
2013-03-27,11.884459,26.09,62.485193
2013-03-28,11.835872,25.58,63.519431999999995
2013-04-01,11.806719000000001,25.530001000000002,62.66714399999999
2013-04-02,11.806719000000001,25.42,61.556293000000004
2013-04-03,11.476326,26.25,59.286717
2013-04-04,11.602652,27.07,59.20053000000001
2013-04-05,11.631805,27.389999,59.40163100000001
2013-04-08,11.865024,26.85,59.803837
2013-04-09,11.903894000000001,26.59,60.02409
2013-04-10,11.971916,27.57,59.918751
2013-04-11,11.923328999999999,28.02,60.253918999999996
2013-04-12,11.826153999999999,27.4,57.668328
2013-04-15,11.641522,26.52,52.956799
2013-04-16,11.933046000000001,26.92,54.240019999999994
2013-04-17,11.369433,26.629998999999998,52.928070999999996
2013-04-18,11.116779,25.690001000000002,52.027902000000005
2013-04-19,11.330563,25.73,51.865103999999995
2013-04-22,11.388869,25.969998999999998,52.928070999999996
2013-04-23,11.728978999999999,25.98,52.075783
2013-04-24,11.962199,26.110001,53.933579
2013-04-25,12.088525,26.139999,54.230444999999996
2013-04-26,12.069091,26.85,53.991038
2013-04-29,12.030221000000001,26.98,54.058071999999996
2013-04-30,11.962199,27.77,54.565613
2013-05-01,11.797002,27.43,53.770784
2013-05-02,11.845589,28.969998999999998,55.015699
2013-05-03,11.894176,28.309998999999998,57.266121999999996
2013-05-06,12.516094,27.57,57.543834999999994
2013-05-07,12.535528999999999,26.889999,57.869429000000004
2013-05-08,12.652139,27.120001000000002,59.171803000000004
2013-05-09,12.545246,27.040001,59.056885
2013-05-10,12.652139,26.68,59.286717
2013-05-13,12.613268,26.82,58.013073999999996
2013-05-14,12.963098,27.07,59.219682999999996
2013-05-15,13.060272,26.6,59.65061600000001
2013-05-16,12.982532,26.129998999999998,59.372903
2013-05-17,13.050555000000001,26.25,61.834006
2013-05-20,13.128295000000001,25.76,63.471548
2013-05-21,13.060272,25.66,63.193835
2013-05-22,12.933946,25.16,62.245785999999995
2013-05-23,12.836771,25.059998999999998,62.178752
2013-05-24,12.865923,24.309998999999998,60.98171800000001
2013-05-28,12.972814999999999,24.1,61.537144
2013-05-29,13.099142,23.32,60.71358299999999
2013-05-30,13.439252999999999,24.549999,61.337616000000004
2013-05-31,13.274056,24.35,60.68478100000001
2013-06-03,13.167164999999999,23.85,60.579175
2013-06-04,12.982532,23.52,60.166353
2013-06-05,12.729689,22.9,59.119902
2013-06-06,12.836661,22.969998999999998,59.715132
2013-06-07,13.011707000000001,23.290001,60.348765
2013-06-10,12.933909,24.33,60.559977
2013-06-11,12.758863,24.030001000000002,59.110299
2013-06-12,12.700515,23.77,57.80463
2013-06-13,12.846386,23.73,58.697477
2013-06-14,12.710239,23.629998999999998,58.563070999999994
2013-06-17,12.846386,24.02,59.820738
2013-06-18,12.904735,24.209999,60.751985
2013-06-19,12.826936,24.309998999999998,59.743931999999994
2013-06-20,12.535195,23.9,57.61261999999999
2013-06-21,12.340699,24.530001000000002,57.766227
2013-06-24,11.961435,23.940001000000002,56.268551
2013-06-25,12.32125,24.25,56.777377
2013-06-26,12.408773,24.16,56.508564
2013-06-27,12.651891,24.66,57.343807
2013-06-28,12.50602,24.879998999999998,56.940587
2013-07-01,12.574093,24.809998999999998,56.662172
2013-07-02,12.544919,24.41,55.970934
2013-07-03,12.476846,24.52,55.942133999999996
2013-07-05,12.700515,24.370001000000002,56.24935
2013-07-08,12.914458999999999,24.709999,55.442907
2013-07-09,13.157577999999999,25.48,56.65256899999999
2013-07-10,13.001982,25.799999,56.921386
2013-07-11,13.138129000000001,25.809998999999998,58.793485
2013-07-12,13.400696,25.91,59.033497
2013-07-15,13.497944,26.280001000000002,59.369513
2013-07-16,13.536843,26.32,58.726278
2013-07-17,13.916108,26.65,58.822285
2013-07-18,14.353720999999998,26.18,59.782334999999996
2013-07-19,14.343995999999999,25.879998999999998,60.329564000000005
2013-07-22,14.509317000000001,26.049999,60.492771
2013-07-23,14.528766000000001,26.129998999999998,60.43516999999999
2013-07-24,14.305098000000001,26.51,59.801536999999996
2013-07-25,14.421794,34.360001000000004,59.619125
2013-07-26,14.324547,34.009997999999996,59.1391
2013-07-29,14.120328,35.43,57.891034999999995
2013-07-30,14.120328,37.630001,58.303856999999994
2013-07-31,14.198126,36.799999,60.060751
2013-08-01,14.538491,37.490002000000004,62.441675
2013-08-02,14.431519,38.049999,63.872147999999996
2013-08-05,14.39262,39.189999,64.03535500000001
2013-08-06,14.237025,38.549999,62.931303
2013-08-07,14.130052,38.869999,62.604881999999996
2013-08-08,14.20785,38.540001000000004,63.401726000000004
2013-08-09,14.052254000000001,38.5,63.344125
2013-08-12,14.013354999999999,38.220001,62.931303
2013-08-13,14.110603,37.02,63.180911
2013-08-14,14.198126,36.650002,63.77614499999999
2013-08-15,13.925832000000002,36.560001,63.31531700000001
2013-08-16,14.023079999999998,37.080002,63.545735
2013-08-19,13.760511,37.810001,62.460873
2013-08-20,13.896657999999999,38.41,62.451278
2013-08-21,13.945282,38.32,62.643285
2013-08-22,14.168951000000002,38.549999,63.632135999999996
2013-08-23,14.168951000000002,40.549999,63.440129000000006
2013-08-26,14.091153,41.34,63.82415
2013-08-27,13.721613,39.639998999999996,62.144062
2013-08-28,13.731338000000001,40.549999,61.740835
2013-08-29,13.779960999999998,41.279999,61.500227
2013-08-30,13.731338000000001,41.290001000000004,61.047877
2013-09-03,13.857759,41.869999,61.153746
2013-09-04,13.935611999999999,41.779999,61.721585
2013-09-05,13.98427,42.66,62.558915
2013-09-06,13.974538,43.950001,62.15469
2013-09-09,14.091317000000002,44.040001000000004,63.415490000000005
2013-09-10,14.217827999999999,43.599998,64.214321
2013-09-11,14.256754,45.040001000000004,64.628173
2013-09-12,14.091317000000002,44.75,65.176766
2013-09-13,14.101049,44.310001,64.685917
2013-09-16,14.139975,42.509997999999996,65.31150799999999
2013-09-17,14.159439,45.07,65.484748
2013-09-18,14.315144,45.23,67.284522
2013-09-19,14.217827999999999,45.98,68.766681
2013-09-20,14.052391,47.490002000000004,69.305655
2013-09-23,13.760444,47.189999,68.256586
2013-09-24,13.711785999999998,48.450001,68.65119200000001
2013-09-25,13.760444,49.459998999999996,69.199786
2013-09-26,13.702055,50.389998999999996,69.324901
2013-09-27,13.526886,51.240002000000004,68.381709
2013-09-30,13.429571,50.23,68.295085
2013-10-01,13.526886,50.419998,69.228658
2013-10-02,13.682592000000001,50.279999,70.450959
2013-10-03,13.624201999999999,49.18,69.190159
2013-10-04,13.67286,51.040001000000004,69.170913
2013-10-07,13.439303,50.52,68.61269399999999
2013-10-08,13.322523,47.139998999999996,67.072783
2013-10-09,13.468497,46.77,66.98616
2013-10-10,13.848028,49.049999,69.04579100000001
2013-10-11,13.809101,49.110001000000004,70.239228
2013-10-14,13.964807,49.509997999999996,70.970681
2013-10-15,13.85776,49.5,70.017862
2013-10-16,14.169170999999999,51.139998999999996,71.365286
2013-10-17,14.266485999999999,52.209998999999996,72.712711
2013-10-18,14.237291,54.220001,74.29111999999999
2013-10-21,14.130244,53.849998,73.81951600000001
2013-10-22,14.130244,52.68,74.156378
2013-10-23,13.828565,51.900002,73.598158
2013-10-24,13.789639000000001,52.450001,73.992757
2013-10-25,13.877223,51.950001,73.444164
2013-10-28,13.848028,50.23,73.694401
2013-10-29,13.770175,49.400002,73.992757
2013-10-30,13.789639000000001,49.009997999999996,73.155434
2013-10-31,13.595007999999998,50.209998999999996,71.43265699999999
2013-11-01,13.643666,49.75,72.08712
2013-11-04,13.663128,48.220001,72.962941
2013-11-05,13.556080999999999,50.110001000000004,73.347921
2013-11-06,13.585276,49.119999,73.781025
2013-11-07,13.429571,47.560001,72.828199
2013-11-08,13.935611999999999,47.529999,74.9937
2013-11-11,14.013465,46.200001,74.92632900000001
2013-11-12,13.935611999999999,46.610001000000004,74.57023000000001
2013-11-13,14.247023,48.709998999999996,76.11014
2013-11-14,14.402728,48.990002000000004,76.369997
2013-11-15,14.519507,49.009997999999996,76.379623
2013-11-18,14.519507,45.830002,75.109196
2013-11-19,14.791991000000001,46.360001000000004,74.146751
2013-11-20,14.733602,46.43,73.357547
2013-11-21,15.171522,46.700001,75.070698
2013-11-22,15.22018,46.23,75.677035
2013-11-25,15.385617000000002,44.82,75.349808
2013-11-26,15.453738000000001,45.889998999999996,75.908027
2013-11-27,15.405079999999998,46.490002000000004,75.387248
2013-11-29,15.395348,47.009997999999996,75.040063
2013-12-02,15.307764,47.060001,75.146148
2013-12-03,15.122864000000002,46.73,74.509647
2013-12-04,15.220243,48.619999,74.085308
2013-12-05,15.025485999999999,48.34,73.44880699999999
2013-12-06,15.152078,47.939999,74.654309
2013-12-09,15.171553,48.84,74.123885
2013-12-10,15.152078,50.25,74.885763
2013-12-11,14.850204999999999,49.380001,72.899091
2013-12-12,14.850204999999999,51.830002,72.17579
2013-12-13,14.78204,53.32,72.127574
2013-12-16,14.840467000000002,53.810001,73.236637
2013-12-17,14.78204,54.860001000000004,73.10162199999999
2013-12-18,15.278669,55.57,75.16544
2013-12-19,15.337097,55.049999,76.02375699999999
2013-12-20,15.191029,55.119999,76.544534
2013-12-23,15.278669,57.77,76.206988
2013-12-24,15.288407000000001,57.959998999999996,76.448088
2013-12-26,15.239718,57.73,77.13282
2013-12-27,15.259194,55.439999,76.92065
2013-12-30,15.132601999999999,53.709998999999996,77.036374
2013-12-31,15.161814999999999,54.650002,77.431782
2014-01-02,15.677921,54.709998999999996,76.06233399999999
2014-01-03,15.979794,54.560001,76.332365
2014-01-06,16.22324,57.200001,75.763364
2014-01-07,16.067435,57.919998,76.55417299999999
2014-01-08,16.145336999999998,58.23,76.46738
2014-01-09,16.388783,57.220001,75.994826
2014-01-10,16.330357,57.939999,76.091264
2014-01-13,15.999270000000001,55.91,75.26187900000001
2014-01-14,16.330357,57.740002000000004,76.65061899999999
2014-01-15,16.700394,57.599998,77.59572800000001
2014-01-16,16.632229000000002,57.189999,77.57644300000001
2014-01-17,16.564065,56.299999,79.12913
2014-01-21,16.564065,58.509997999999996,79.987447
2014-01-22,16.700394,57.509997999999996,80.67217099999999
2014-01-23,16.417997,56.630001,78.203298
2014-01-24,16.018746,54.450001,74.721816
2014-01-27,15.882415,53.549999,73.988869
2014-01-28,16.291404,55.139998999999996,74.702524
2014-01-29,16.242716,53.529999,73.41023
2014-01-30,16.486162,61.080002,73.632038
2014-01-31,16.310879999999997,62.57,73.255922
2014-02-03,15.921367000000002,61.48,71.163173
2014-02-04,15.921367000000002,62.75,72.53262099999999
2014-02-05,15.970056,62.189999,72.195082
2014-02-06,16.252454,62.16,73.32343
2014-02-07,16.379045,64.32,74.461424
2014-02-10,16.281666,63.549999,74.644662
2014-02-11,16.437472,64.849998,74.885763
2014-02-12,16.310879999999997,64.449997,77.055666
2014-02-13,16.310879999999997,67.33000200000001,76.06233399999999
2014-02-14,16.262192000000002,67.089996,76.83385
2014-02-18,16.038220000000003,67.300003,77.277474
2014-02-19,15.7753,68.059998,77.39320500000001
2014-02-20,15.872677,69.629997,77.16175
2014-02-21,15.862941000000001,68.589996,76.370942
2014-02-24,16.096649,70.779999,76.120195
2014-02-25,15.911629000000001,69.849998,74.991848
2014-02-26,15.901891,69.260002,75.541556
2014-02-27,16.057696,68.940002,75.37761
2014-02-28,16.096649,68.459999,75.126187
2014-03-03,15.872677,67.410004,74.38159300000001
2014-03-04,16.291404,68.800003,75.81275500000001
2014-03-05,16.807819,71.57,75.56133299999999
2014-03-06,16.905256,70.839996,77.475996
2014-03-07,16.885768,69.800003,77.060185
2014-03-10,17.022179,72.029999,76.064177
2014-03-11,16.827307,70.099998,74.69103199999999
2014-03-12,16.83705,70.879997,73.927102
2014-03-13,16.720126,68.83000200000001,72.515284
2014-03-14,16.369353,67.720001,71.87706800000001
2014-03-17,16.671408,68.739998,72.524956
2014-03-18,16.749357,69.190002,74.352584
2014-03-19,16.992949,68.239998,72.902085
2014-03-20,17.460644,66.970001,72.960103
2014-03-21,17.109872,67.239998,74.091498
2014-03-24,16.924744,64.099998,73.994792
2014-03-25,16.768843,64.889999,74.739385
2014-03-26,16.739613000000002,60.389998999999996,73.549973
2014-03-27,16.573971,60.970001,73.221197
2014-03-28,16.544739,60.009997999999996,73.888429
2014-03-31,16.759101,60.240002000000004,75.164868
2014-04-01,16.895512,62.619999,74.952126
2014-04-02,16.788331,62.720001,75.097178
2014-04-03,16.710382,59.490002000000004,75.629023
2014-04-04,16.291404,56.75,75.097178
2014-04-07,15.960119,56.950001,73.366248
2014-04-08,16.018583,58.189999,73.588654
2014-04-09,16.193969,62.41,74.807075
2014-04-10,15.706786,59.16,73.433938
2014-04-11,15.365757,58.529999,72.012447
2014-04-14,15.589860999999999,58.889998999999996,72.360568
2014-04-15,15.969863,59.09,73.337232
2014-04-16,15.716528,59.720001,74.768394
2014-04-17,15.736015,58.939999,75.300247
2014-04-21,15.677554,61.240002000000004,74.93278199999999
2014-04-22,15.872428,63.029999,75.406617
2014-04-23,15.950377,61.360001000000004,75.019816
2014-04-24,15.921145999999998,60.869999,74.38159300000001
2014-04-25,15.541142,57.709998999999996,73.230869
2014-04-28,14.566776,56.139998999999996,72.60231800000001
2014-04-29,14.849342000000002,58.150002,72.370232
2014-04-30,14.751906,59.779999,73.201853
2014-05-01,14.703188,61.150002,73.047136
2014-05-02,14.859085999999998,60.459998999999996,72.960103
2014-05-05,14.693444,61.220001,71.828715
2014-05-06,14.352414999999999,58.529999,71.944758
2014-05-07,14.420622,57.389998999999996,72.998784
2014-05-08,14.547289000000001,56.759997999999996,72.795715
2014-05-09,14.362159,57.240002000000004,72.621654
2014-05-12,14.6837,59.830002,73.859412
2014-05-13,14.644725,59.830002,74.168852
2014-05-14,14.459596,59.23,73.395257
2014-05-15,14.177029999999998,57.919998,71.761025
2014-05-16,14.138055,58.02,70.803698
2014-05-19,14.293954000000001,59.209998999999996,71.277526
2014-05-20,14.157542000000001,58.560001,70.57162
2014-05-21,14.235491,60.490002000000004,71.654655
2014-05-22,14.332927999999999,60.52,71.374224
2014-05-23,14.342672,61.349998,71.664327
2014-05-27,14.829854999999998,63.48,72.834395
2014-05-28,14.751906,63.509997999999996,72.853732
2014-05-29,14.761648999999998,63.830002,73.11482600000001
2014-05-30,14.751906,63.299999,72.804526
2014-06-02,14.868829999999999,63.080002,73.085738
2014-06-03,14.820112,62.869999,72.629981
2014-06-04,14.820112,63.34,72.765737
2014-06-05,15.034472000000001,63.189999,74.918456
2014-06-06,15.190370999999999,62.5,76.99359799999999
2014-06-09,15.433962,62.880001,76.906322
2014-06-10,15.511911999999999,65.769997,76.809354
2014-06-11,15.190370999999999,65.779999,76.072385
2014-06-12,15.024729,64.290001,75.122091
2014-06-13,15.044215,64.5,75.286937
2014-06-16,14.888317,64.190002,74.64694300000001
2014-06-17,15.190370999999999,64.400002,75.46148199999999
2014-06-18,15.248832,65.599998,75.122091
2014-06-19,15.151395999999998,64.339996,75.005725
2014-06-20,15.063645999999999,64.5,76.140263
2014-06-23,15.248895000000001,65.370003,75.54875799999999
2014-06-24,15.102646,65.720001,74.065122
2014-06-25,15.083146,67.440002,74.142699
2014-06-26,15.024645999999999,67.129997,74.10391
2014-06-27,14.946647,67.599998,74.549968
2014-06-30,14.985647,67.290001,74.569366
2014-07-01,15.209895999999999,68.059998,75.829962
2014-07-02,15.453644,66.449997,75.54875799999999
2014-07-03,15.629143,66.290001,76.59602
2014-07-07,15.541393,65.290001,75.568148
2014-07-08,15.190395,62.759997999999996,75.18027
2014-07-09,15.209895999999999,64.970001,75.655417
2014-07-10,15.053896,64.870003,75.228757
2014-07-11,14.995397,66.339996,74.66633399999999
2014-07-14,15.180645000000002,67.900002,75.46148199999999
2014-07-15,15.414644000000001,67.16999799999999,75.587539
2014-07-16,15.122145999999999,67.660004,75.383904
2014-07-17,14.819898,66.410004,73.98755200000001
2014-07-18,15.102646,68.41999799999999,74.43361
2014-07-21,15.131896,69.400002,74.491789
2014-07-22,15.131896,69.269997,75.05421199999999
2014-07-23,15.131896,71.290001,75.43239200000001
2014-07-24,15.229395000000002,74.980003,75.083302
2014-07-25,15.200145999999998,75.190002,73.716032
2014-07-28,15.112395999999999,74.91999799999999,73.40573
2014-07-29,14.956397,73.709999,72.33906999999999
2014-07-30,15.190395,74.68,72.765737
2014-07-31,14.868648,72.650002,70.661506
2014-08-01,14.605398999999998,72.360001,71.029986
2014-08-04,14.673649,73.510002,70.768173
2014-08-05,14.624899,72.690002,70.040903
2014-08-06,14.819898,72.470001,69.672415
2014-08-07,14.741898,73.16999799999999,68.96454399999999
2014-08-08,14.819898,73.059998,70.021505
2014-08-11,14.839398000000001,73.440002,70.787563
2014-08-12,14.829648,72.83000200000001,70.050595
2014-08-13,14.868648,73.769997,70.88453100000001
2014-08-14,14.936897,74.300003,70.816653
2014-08-15,14.839398000000001,73.629997,70.060294
2014-08-18,15.063645999999999,74.589996,71.737865
2014-08-19,15.063645999999999,75.290001,71.437256
2014-08-20,15.131896,74.809998,72.03846800000001
2014-08-21,15.755891,74.57,71.863923
2014-08-22,15.726641,74.57,71.689378
2014-08-25,15.882642,75.019997,72.70755799999999
2014-08-26,15.92164,75.959999,73.09542900000001
2014-08-27,15.794892,74.629997,72.765737
2014-08-28,15.609643,73.860001,72.222712
2014-08-29,15.687642000000002,74.82,71.85318199999999
2014-09-02,15.863141,76.68,71.76566600000001
2014-09-03,15.745782,75.83000200000001,71.25027
2014-09-04,15.755562,75.949997,70.773779
2014-09-05,15.667542000000001,77.260002,71.6198
2014-09-08,15.990282,77.889999,71.221098
2014-09-09,15.784901000000001,76.66999799999999,70.063906
2014-09-10,16.000062,77.43,68.284349
2014-09-11,16.205441,77.91999799999999,68.790012
2014-09-12,16.420602,77.480003,68.060686
2014-09-15,16.371701,74.58000200000001,67.827304
2014-09-16,16.34236,76.08000200000001,67.730062
2014-09-17,16.401041,76.43,67.730062
2014-09-18,16.665101,77.0,68.566356
2014-09-19,16.577081,77.910004,68.332966
2014-09-22,16.655321,76.800003,66.65065899999999
2014-09-23,16.674879999999998,78.290001,66.29085500000001
2014-09-24,16.802021,78.540001,66.028301
2014-09-25,16.479281,77.220001,64.890555
2014-09-26,16.655321,78.790001,65.785193
2014-09-29,16.635761,79.0,65.512912
2014-09-30,16.674879999999998,79.040001,64.948899
2014-10-01,16.449939999999998,76.550003,64.073706
2014-10-02,16.50862,77.08000200000001,63.879222
2014-10-03,16.909601000000002,77.440002,64.180674
2014-10-06,16.909601000000002,77.559998,64.190401
2014-10-07,16.50862,76.290001,62.167735
2014-10-08,16.743341,77.519997,63.470794
2014-10-09,16.225001000000002,75.910004,62.099665
2014-10-10,16.117421,72.910004,61.14668
2014-10-13,16.039181,72.989998,60.028379
2014-10-14,16.156541,73.589996,59.843618000000006
2014-10-15,15.413262,73.209999,59.950586
2014-10-16,15.726220999999999,72.629997,59.415744
2014-10-17,15.853360999999998,75.949997,60.53404499999999
2014-10-20,15.902262,76.949997,60.660463
2014-10-21,16.234780999999998,78.690002,62.167735
2014-10-22,16.039181,78.370003,59.921409999999995
2014-10-23,16.234780999999998,80.040001,62.828991
2014-10-24,16.35214,80.66999799999999,63.159615
2014-10-27,16.225001000000002,80.279999,63.402724
2014-10-28,16.43038,80.769997,64.77386
2014-10-29,16.6162,75.860001,63.723629
2014-10-30,16.655321,74.110001,64.589095
2014-10-31,16.78246,74.989998,64.511299
2014-11-03,16.890041,73.879997,63.966738
2014-11-04,16.831359,75.760002,62.012145999999994
2014-11-05,16.9585,74.83000200000001,63.69445699999999
2014-11-06,16.978061,75.260002,63.85976899999999
2014-11-07,16.978061,75.599998,64.462681
2014-11-10,16.987841,75.0,64.14177600000001
2014-11-11,16.93894,74.610001,64.083432
2014-11-12,16.909601000000002,74.720001,64.13205
2014-11-13,16.84114,74.25,63.295756000000004
2014-11-14,16.7629,74.879997,62.916506999999996
2014-11-17,16.714001,74.239998,61.856556999999995
2014-11-18,16.7629,74.339996,64.122331
2014-11-19,16.68466,73.33000200000001,64.50158
2014-11-20,16.62598,73.599998,65.726842
2014-11-21,16.743341,73.75,67.33136
2014-11-24,16.802021,74.010002,66.446449
2014-11-25,16.723781,75.629997,66.786799
2014-11-26,16.733560999999998,77.620003,64.88082800000001
2014-11-28,16.665101,77.699997,60.471548999999996
2014-12-01,16.420602,75.099998,58.77416899999999
2014-12-02,16.772679999999998,75.459999,60.071592
2014-12-03,16.959044,74.879997,61.369012
2014-12-04,16.880574,75.239998,60.530077
2014-12-05,17.341579,76.360001,60.861748999999996
2014-12-08,17.321960999999998,76.519997,58.422986
2014-12-09,17.223875,76.839996,59.027798
2014-12-10,17.047320000000003,76.18,56.530508
2014-12-11,17.135597,77.730003,56.920708
2014-12-12,16.802104999999997,77.83000200000001,55.486718
2014-12-15,16.527466,76.989998,55.281859
2014-12-16,16.399954,74.690002,54.91117
2014-12-17,16.929617999999998,76.110001,56.530508
2014-12-18,17.19445,78.400002,58.12058199999999
2014-12-19,17.282728,79.879997,58.43274399999999
2014-12-22,17.371002999999998,81.449997,58.179109999999994
2014-12-23,17.586793,80.610001,59.076577
2014-12-24,17.635835,80.769997,58.822943
2014-12-26,17.635835,80.779999,59.047309
2014-12-29,17.763348,80.019997,60.061834999999995
2014-12-30,17.782964,79.220001,59.476532999999996
2014-12-31,17.547558,78.019997,59.144861999999996
2015-01-02,17.557367000000003,78.449997,59.20339
2015-01-05,17.047320000000003,77.190002,57.125567000000004
2015-01-06,16.537275,76.150002,56.579283
2015-01-07,16.615744,76.150002,56.442713
2015-01-08,16.959044,78.18,58.198620999999996
2015-01-09,16.654977,77.739998,56.296385
2015-01-12,16.36072,76.720001,54.803864000000004
2015-01-13,16.135123,76.449997,54.267337
2015-01-14,15.732971,76.279999,52.687017000000004
2015-01-15,14.909049,74.050003,51.409108
2015-01-16,15.085604,75.18,52.706527
2015-01-20,14.967901000000001,76.239998,53.106483999999995
2015-01-21,15.115029000000002,76.739998,54.39415
2015-01-22,15.782013000000001,77.650002,53.613747
2015-01-23,15.428904000000001,77.83000200000001,52.979670999999996
2015-01-26,15.546607999999999,77.5,53.769828000000004
2015-01-27,15.330819,75.779999,52.833344
2015-01-28,14.909049,76.239998,50.931109
2015-01-29,15.134647,78.0,51.740778999999996
2015-01-30,14.860006,75.910004,52.277306
2015-02-02,15.164073000000002,74.989998,54.22831600000001
2015-02-03,15.585842000000001,75.400002,55.330638
2015-02-04,15.487756,75.629997,53.018688
2015-02-05,15.664310999999998,75.610001,54.355132999999995
2015-02-06,16.174357,74.470001,53.73081
2015-02-09,16.037036999999998,74.440002,54.716069
2015-02-10,16.105697,75.190002,54.286848
2015-02-11,16.046846,76.510002,54.130767000000006
2015-02-12,16.350911,76.230003,54.979455
2015-02-13,16.29206,75.739998,56.36467
2015-02-17,16.311676000000002,75.599998,56.159815
2015-02-18,15.987993,76.709999,57.642582999999995
2015-02-19,15.899714999999999,79.41999799999999,57.984007999999996
2015-02-20,16.066461,79.900002,57.876706000000006
2015-02-23,15.889909,78.839996,57.603562
2015-02-24,16.066461,78.449997,57.798664
2015-02-25,16.174357,79.559998,57.730379000000006
2015-02-26,15.732971,80.410004,56.696342
2015-02-27,15.507373000000001,78.970001,56.784456000000006
2015-03-02,15.703545000000002,79.75,57.25439599999999
2015-03-03,15.732971,79.599998,57.176075
2015-03-04,15.585381,80.900002,56.666971999999994
2015-03-05,15.742809,81.209999,56.882358999999994
2015-03-06,15.959272,80.010002,56.089337
2015-03-09,15.910077,79.440002,56.657180000000004
2015-03-10,15.536185000000001,77.550003,55.805414
2015-03-11,15.851042000000001,77.57,55.922897999999996
2015-03-12,15.831363,78.93,56.686554
2015-03-13,15.831363,78.050003,55.501909999999995
2015-03-16,15.870719,78.07,56.206821
2015-03-17,15.831363,79.360001,55.962061
2015-03-18,15.72313,80.910004,57.058587
2015-03-19,15.359078,82.75,55.580234999999995
2015-03-20,15.585381,83.800003,56.089337
2015-03-23,15.467310000000001,84.43,56.666971999999994
2015-03-24,15.359078,85.309998,57.029217
2015-03-25,15.162293,82.91999799999999,56.265565
2015-03-26,15.172132999999999,83.010002,56.265565
2015-03-27,15.063901000000001,83.300003,55.57044200000001
2015-03-30,15.270525,83.199997,56.676761
2015-03-31,15.142615,82.220001,55.962061
2015-04-01,15.162293,81.66999799999999,55.580234999999995
2015-04-02,15.290203,81.559998,56.383049
2015-04-06,15.260685999999998,82.440002,57.665595999999994
2015-04-07,15.21149,82.32,57.743917
2015-04-08,15.359078,82.279999,57.675385
2015-04-09,15.457471,82.16999799999999,57.900564
2015-04-10,15.467310000000001,82.040001,57.890775
2015-04-13,15.546024,83.010002,57.11733100000001
2015-04-14,15.565701999999998,83.519997,57.783080000000005
2015-04-15,15.388596,82.709999,59.917393000000004
2015-04-16,15.536185000000001,82.309998,58.860025
2015-04-17,15.309882,80.779999,58.272601
2015-04-20,15.319721,83.089996,58.507569
2015-04-21,15.250847,83.620003,58.497780000000006
2015-04-22,15.486988,84.629997,58.918769
2015-04-23,15.437792000000002,82.410004,59.290806
2015-04-24,15.388596,81.529999,58.850235999999995
2015-04-27,15.309882,81.910004,59.555147999999996
2015-04-28,15.398435000000001,80.68,59.320176000000004
2015-04-29,15.72313,80.470001,59.692213
2015-04-30,15.673935,78.769997,58.879606
2015-05-01,15.851042000000001,78.989998,57.469787
2015-05-04,16.175736999999998,78.809998,57.489368000000006
2015-05-05,16.087184,77.559998,57.626433
2015-05-06,16.028149,78.099998,57.665595999999994
2015-05-07,15.978951,78.43,57.401254
2015-05-08,16.185577,78.510002,58.409667000000006
2015-05-11,16.224933,78.010002,58.664216
2015-05-12,16.165898000000002,77.459999,58.037629
2015-05-13,16.205254,78.440002,58.781704000000005
2015-05-14,16.254451,81.370003,58.683797
2015-05-15,16.087184,80.41999799999999,57.988678
2015-05-18,16.244612,80.879997,57.724336
2015-05-19,16.500432,80.629997,57.293558999999995
2015-05-20,16.470914,80.550003,57.538318999999994
2015-05-21,16.461075,80.480003,57.655803000000006
2015-05-22,16.480753,80.540001,56.755086
2015-05-26,16.234772,79.33000200000001,55.443169
2015-05-27,16.470914,80.550003,55.77604399999999
2015-05-28,16.40204,80.150002,55.286522999999995
2015-05-29,16.234772,79.190002,55.247214
2015-06-01,16.283967999999998,80.290001,55.52236800000001
2015-06-02,16.451235,80.440002,56.092333999999994
2015-06-03,16.707824,82.440002,56.151293
2015-06-04,16.559793,82.050003,54.804999
2015-06-05,16.964412,82.139999,54.677248
2015-06-08,16.855855,80.66999799999999,54.235032999999994
2015-06-09,17.082836999999998,80.66999799999999,54.136765000000004
2015-06-10,17.359163,82.160004,54.716556999999995
2015-06-11,17.260475,81.83000200000001,54.470881999999996
2015-06-12,17.260475,81.529999,54.107286
2015-06-15,17.240737,80.709999,53.71420500000001
2015-06-16,17.319687,81.059998,54.215379000000006
2015-06-17,17.142051000000002,81.790001,54.254688
2015-06-18,17.151918,82.910004,54.77551999999999
2015-06-19,16.944674,82.510002,54.628114000000004
2015-06-22,17.240737,84.739998,54.99171
2015-06-23,17.438113,87.879997,55.060499
2015-06-24,17.260475,88.860001,54.618288
2015-06-25,17.142051000000002,87.980003,53.71420500000001
2015-06-26,17.181525,88.010002,53.615937
2015-06-29,16.668348,85.800003,52.053449
2015-06-30,16.796643,85.769997,52.092754
2015-07-01,16.994018,86.910004,52.014140000000005
2015-07-02,16.806511999999998,87.290001,51.994486
2015-07-06,16.717693,87.550003,51.051097999999996
2015-07-07,16.470974,87.220001,51.62106
2015-07-08,16.036748,85.650002,49.547569
2015-07-09,16.263729,85.879997,49.665496000000005
2015-07-10,16.480843,87.949997,49.862035999999996
2015-07-13,16.796643,90.099998,50.569575
2015-07-14,16.905199,89.68,51.011789
2015-07-15,17.447982,89.760002,49.74411
2015-07-16,17.714439000000002,90.849998,49.871860999999996
2015-07-17,17.862470000000002,94.970001,49.400166999999996
2015-07-20,17.882208,97.910004,48.997262
2015-07-21,17.842732,98.389999,48.938297999999996
2015-07-22,18.207877,97.040001,48.682798999999996
2015-07-23,17.94142,95.440002,47.837679
2015-07-24,17.665094,96.949997,47.228408
2015-07-27,17.438113,94.16999799999999,47.002388
2015-07-28,17.645356,95.290001,48.260239
2015-07-29,17.921682,96.989998,49.51809
2015-07-30,17.892075,95.209999,50.019267
2015-07-31,17.645356,94.010002,45.941074
2015-08-03,17.536801,94.139999,46.275191
2015-08-04,17.566406,94.059998,45.744534
2015-08-05,17.635489,96.440002,46.402943
2015-08-06,17.576275,95.120003,47.228408
2015-08-07,17.517063,94.300003,46.638788
2015-08-10,17.803258,94.150002,47.99491
2015-08-11,17.556539,93.620003,47.257888
2015-08-12,17.290082,94.190002,48.014565000000005
2015-08-13,17.38877,93.43,46.835328000000004
2015-08-14,17.46772,94.41999799999999,47.198925
2015-08-17,17.536801,93.93,47.395465
2015-08-18,17.457851,95.16999799999999,46.76654
2015-08-19,17.230868,95.309998,46.727231
2015-08-20,16.500579000000002,90.559998,45.056645
2015-08-21,15.888717000000002,86.059998,44.191875
2015-08-24,15.089345999999999,82.089996,42.609733
2015-08-25,15.05974,83.0,41.951324
2015-08-26,15.849241000000001,87.190002,42.570423999999996
2015-08-27,16.224255,89.730003,44.329452
2015-08-28,16.145305,91.010002,44.860109
2015-08-31,16.125567,89.43,45.03781
2015-09-01,15.375539999999999,87.230003,43.507591
2015-09-02,15.692357000000001,89.889999,43.784017
2015-09-03,15.781460999999998,88.150002,43.981465
2015-09-04,15.494345999999998,88.260002,43.102824
2015-09-08,15.999274,89.529999,44.504704
2015-09-09,15.741859,90.440002,43.902488
2015-09-10,15.880467999999999,91.980003,44.317126
2015-09-11,15.880467999999999,92.050003,44.662662
2015-09-14,15.801263,92.309998,44.54419
2015-09-15,16.147781,92.900002,44.366487
2015-09-16,16.167583,93.449997,44.889726
2015-09-17,15.702257000000001,94.339996,44.099933
2015-09-18,15.405242000000001,94.400002,42.737546
2015-09-21,15.543849,95.550003,43.043588
2015-09-22,15.415142000000001,92.959999,42.293288000000004
2015-09-23,15.56365,93.970001,41.167837
2015-09-24,15.395341,94.410004,41.552859999999995
2015-09-25,15.73196,92.769997,41.602221
2015-09-28,15.316137,89.209999,40.417534
2015-09-29,15.19733,86.66999799999999,40.822302
2015-09-30,15.425042000000001,89.900002,41.809540000000005
2015-10-01,15.395341,90.949997,40.930899
2015-10-02,15.227032000000001,92.07,41.858905
2015-10-05,15.533948,94.010002,43.971594
2015-10-06,15.533948,92.800003,44.968703000000005
2015-10-07,15.593352,92.400002,45.679516
2015-10-08,15.593352,92.470001,46.765477000000004
2015-10-09,15.425042000000001,93.239998,46.804967
2015-10-12,15.365639999999999,94.260002,46.489051
2015-10-13,15.365639999999999,94.120003,45.985561
2015-10-14,15.484445999999998,94.07,46.123774
2015-10-15,16.028976,95.959999,46.824712
2015-10-16,15.959672,97.540001,44.090061999999996
2015-10-19,15.979472,98.470001,44.070316999999996
2015-10-20,16.038877,97.0,44.781129
2015-10-21,15.741859,97.110001,44.119678
2015-10-22,15.999274,99.66999799999999,44.771255
2015-10-23,16.355694,102.190002,45.62028
2015-10-26,16.345793,103.769997,44.948958000000005
2015-10-27,16.236886,103.699997,43.418739
2015-10-28,17.108135,104.199997,46.617393
2015-10-29,16.920023999999998,104.879997,45.955942
2015-10-30,16.613108,101.970001,47.199864
2015-11-02,16.890322,103.309998,48.680721000000005
2015-11-03,17.009129,102.58000200000001,49.539618
2015-11-04,16.84082,103.940002,49.569234
2015-11-05,17.137835,108.760002,49.825918
2015-11-06,17.771471,107.099998,48.512889
2015-11-09,17.504156,106.489998,48.493144
2015-11-10,17.672466,107.910004,48.236463
2015-11-11,17.57346,109.010002,48.552378999999995
2015-11-12,17.19724,108.019997,46.4002
2015-11-13,17.028931,103.949997,46.1139
2015-11-16,17.256643,104.040001,47.22948
2015-11-17,17.246742,105.129997,46.419945
2015-11-18,17.662565,107.769997,47.772459999999995
2015-11-19,17.514057,106.260002,48.246334000000004
2015-11-20,17.474454,107.32,47.535525
2015-11-23,17.296244,106.949997,47.436799
2015-11-24,17.296244,105.739998,47.782334999999996
2015-11-25,17.266544,105.410004,47.22948
2015-11-27,17.306145,105.449997,47.703354
2015-11-30,17.256643,104.239998,48.189211
2015-12-01,17.632862,107.120003,48.526337
2015-12-02,17.493867,106.07,47.901665
2015-12-03,17.176156,104.379997,47.901665
2015-12-04,17.672577,106.18,47.683523
2015-12-07,17.414439,105.610001,46.939863
2015-12-08,17.066945,106.489998,45.502117999999996
2015-12-09,16.977589000000002,104.599998,44.936935999999996
2015-12-10,17.076873000000003,105.41999799999999,45.105501000000004
2015-12-11,16.610236999999998,102.120003,44.629554999999996
2015-12-14,16.679735,104.660004,44.570065
2015-12-15,17.295298000000003,104.550003,46.007809
2015-12-16,17.622935000000002,106.790001,46.711807
2015-12-17,17.176156,106.220001,45.730174
2015-12-18,16.640022000000002,104.040001,45.353388
2015-12-21,16.848518,104.769997,45.888821
2015-12-22,16.957731,105.510002,46.731639
2015-12-23,17.215870000000002,104.629997,48.238792
2015-12-24,17.146372,105.019997,48.298282
2015-12-28,17.007373,105.93,47.703355
2015-12-29,17.1563,107.260002,47.93141
2015-12-30,16.927945,106.220001,47.366229
2015-12-31,16.709521,104.660004,46.820878
2016-01-04,16.312385,102.220001,47.306734000000006
2016-01-05,16.312385,102.730003,46.384595000000004
2016-01-06,15.964889999999999,102.970001,45.115415000000006
2016-01-07,15.389042000000002,97.91999799999999,44.104036
2016-01-08,15.091189000000002,97.33000200000001,42.963759
2016-01-11,15.200403,97.510002,41.476437
2016-01-12,15.200403,99.370003,42.041619
2016-01-13,14.793337,95.440002,41.317786
2016-01-14,14.882693,98.370003,41.724323999999996
2016-01-15,14.356487,94.970001,41.595422
2016-01-19,14.138062,95.260002,40.822012
2016-01-20,13.591999,94.349998,40.762522
2016-01-21,13.264361,94.160004,40.970746000000005
2016-01-22,13.462929999999998,97.940002,42.527475
2016-01-25,12.867225,97.010002,41.992039
2016-01-26,13.214720000000002,97.339996,43.618179999999995
2016-01-27,13.264361,94.449997,42.557221000000006
2016-01-28,13.433144,109.110001,43.181897
2016-01-29,14.038778,112.209999,44.51057
2016-02-01,13.860066,115.089996,44.232938
2016-02-02,13.135292000000002,114.610001,43.509109
2016-02-03,12.936722999999999,112.690002,43.092657
2016-02-04,13.155149,110.489998,44.560147
2016-02-05,12.857296,104.07,44.460994
2016-02-08,12.182165,99.75,42.418403999999995
2016-02-09,12.112665,99.540001,42.795194
2016-02-10,11.89424,101.0,42.348996
2016-02-11,11.080110000000001,101.910004,41.387198
2016-02-12,11.864455,102.010002,43.271136
2016-02-16,12.162307,101.610001,44.609727
2016-02-17,12.470089,105.199997,46.037555
2016-02-18,12.152379,103.470001,46.0673
2016-02-19,12.043167,104.57,44.99643
2016-02-22,12.450231,107.160004,46.602736
2016-02-23,12.072952,105.459999,45.680597
2016-02-24,12.043167,106.879997,45.750005
2016-02-25,12.231806,108.07,45.621103000000005
2016-02-26,12.609086,107.91999799999999,46.414344
2016-02-29,12.430375,106.91999799999999,45.856576000000004
2016-03-01,13.095578,109.82,47.569721
2016-03-02,13.364664999999999,109.949997,48.446216
2016-03-03,13.454360999999999,109.58000200000001,48.69522
2016-03-04,13.494226000000001,108.389999,48.974103
2016-03-07,13.484259,105.730003,51.553785
2016-03-08,13.015849000000001,105.93,50.806773
2016-03-09,13.095578999999999,107.510002,50.009961
2016-03-10,13.225139000000002,107.32,49.641436
2016-03-11,13.743381,109.410004,51.215139
2016-03-14,13.593888,109.889999,51.494026
2016-03-15,13.524123999999999,110.66999799999999,50.946218
2016-03-16,13.265004000000001,112.18,52.390438
2016-03-17,13.354698999999998,111.019997,54.571716
2016-03-18,13.743381,111.449997,54.990041000000005
2016-03-21,13.793211999999999,111.849998,54.691237
2016-03-22,13.713482,112.25,55.02988199999999
2016-03-23,13.573954999999998,112.540001,53.944225
2016-03-24,13.633753,113.050003,53.904382999999996
2016-03-28,13.573954999999998,113.690002,53.665341000000005
2016-03-29,13.374632,116.139999,53.77490400000001
2016-03-30,13.434428,114.699997,54.143429000000005
2016-03-31,13.474294,114.099998,53.48605799999999
2016-04-01,13.514159,116.059998,53.296813
2016-04-04,13.464328,112.550003,52.38048
2016-04-05,13.145408999999999,112.220001,51.84263
2016-04-06,13.225139000000002,113.709999,51.603589
2016-04-07,12.806559,113.639999,50.836656
2016-04-08,12.836457000000001,110.629997,51.065739
2016-04-11,12.926153,108.989998,51.18526
2016-04-12,13.225139000000002,110.610001,52.559763000000004
2016-04-13,13.743381,110.510002,52.948209
2016-04-14,14.092198000000002,110.839996,52.669325
2016-04-15,13.952670999999999,109.639999,52.400401
2016-04-18,14.122095999999999,110.449997,52.500001
2016-04-19,14.401148999999998,112.290001,53.386454
2016-04-20,14.879527,112.41999799999999,52.928288
2016-04-21,14.849628,113.440002,53.505979
2016-04-22,15.058917999999998,110.559998,54.063745
2016-04-25,14.909425,110.099998,53.177292
2016-04-26,15.038985999999998,108.760002,54.272912
2016-04-27,14.969223000000001,108.889999,55.298807
2016-04-28,14.74,116.730003,54.063745
2016-04-29,14.510778,117.58000200000001,54.442232999999995
2016-05-02,14.720068,118.57,54.760957
2016-05-03,14.311453,117.43,54.77092
2016-05-04,14.082231,118.059998,54.003987
2016-05-05,14.002502,117.809998,54.462153
2016-05-06,14.062299,119.489998,51.583667999999996
2016-05-09,13.942704,119.239998,50.976096999999996
2016-05-10,14.251657000000002,120.5,51.593626
2016-05-11,14.151994,119.519997,51.384464
2016-05-12,14.092198000000002,120.279999,51.125501
2016-05-13,13.833077,119.809998,49.84064
2016-05-16,13.882907999999999,118.66999799999999,50.946218
2016-05-17,13.962636999999999,117.349998,50.398406
2016-05-18,14.640338,117.650002,49.810757
2016-05-19,14.480879000000002,116.809998,49.183269
2016-05-20,14.470913000000001,117.349998,49.770919
2016-05-23,14.421082,115.970001,49.970119
2016-05-24,14.630372,117.699997,50.826694
2016-05-25,14.869561,117.889999,52.569720999999994
2016-05-26,14.650304,119.470001,52.390438
2016-05-27,14.829695999999998,119.379997,52.500001
2016-05-31,14.74,118.809998,52.779999
2016-06-01,14.86,118.779999,52.18
2016-06-02,14.94,118.93,52.52
2016-06-03,14.42,118.470001,52.41
2016-06-06,14.52,118.790001,53.099998
2016-06-07,14.35,117.760002,53.43
2016-06-08,14.43,118.389999,54.040001000000004
2016-06-09,14.19,118.559998,53.360001000000004
2016-06-10,13.83,116.620003,52.110001000000004
2016-06-13,13.6,113.949997,50.91
2016-06-14,13.26,114.940002,50.52
2016-06-15,13.34,114.599998,50.66
2016-06-16,13.31,114.389999,50.77
2016-06-17,13.4,113.019997,50.900002
2016-06-20,13.54,113.370003,51.57
2016-06-21,13.62,114.379997,51.330002
2016-06-22,13.61,113.910004,51.5
2016-06-23,14.04,115.08000200000001,52.98
